zip_code,year,permits_count,retail_count,is_grocery,is_restaurant,is_clothing,is_electronics,is_home_goods,is_beauty_health,is_entertainment,is_convenience_store,is_specialty_food,is_retail,population,retail_per_capita,retail_diversity,spending_leakage_score
60601,2013.0,5.0,0.0,0.0,0.0,0.0,0.0,0.0,0.0,0.0,0.0,0.0,0.0,15209.0,0.0,0.0,1.0
60601,2014.0,4.0,0.0,0.0,0.0,0.0,0.0,0.0,0.0,0.0,0.0,0.0,0.0,14730.0,0.0,0.0,1.0
60601,2015.0,6.0,0.0,0.0,0.0,0.0,0.0,0.0,0.0,0.0,0.0,0.0,0.0,15900.0,0.0,0.0,1.0
60601,2016.0,10.0,0.0,0.0,0.0,0.0,0.0,0.0,0.0,0.0,0.0,0.0,0.0,14723.0,0.0,0.0,1.0
60601,2017.0,8.0,0.0,0.0,0.0,0.0,0.0,0.0,0.0,0.0,0.0,0.0,0.0,14861.0,0.0,0.0,1.0
60601,2018.0,8.0,0.0,0.0,0.0,0.0,0.0,0.0,0.0,0.0,0.0,0.0,0.0,15820.0,0.0,0.0,1.0
60601,2019.0,7.0,0.0,0.0,0.0,0.0,0.0,0.0,0.0,0.0,0.0,0.0,0.0,16391.0,0.0,0.0,1.0
60601,2020.0,3.0,0.0,0.0,0.0,0.0,0.0,0.0,0.0,0.0,0.0,0.0,0.0,16368.0,0.0,0.0,1.0
60601,2021.0,20.0,0.0,0.0,0.0,0.0,0.0,0.0,0.0,0.0,0.0,0.0,0.0,16940.0,0.0,0.0,1.0
60601,2022.0,27.0,4.0,0.0,0.0,1.0,1.0,1.0,1.0,0.0,0.0,0.0,4.0,15690.0,0.00025493945188017844,4.0,0.9687414471856456
60601,2023.0,17.0,14.0,0.0,1.0,4.0,1.0,4.0,0.0,4.0,0.0,0.0,14.0,17006.0,0.0008232388568740445,14.0,0.8969778785704434
60602,2013.0,5.0,0.0,0.0,0.0,0.0,0.0,0.0,0.0,0.0,0.0,0.0,0.0,2094.0,0.0,0.0,1.0
60602,2014.0,2.0,0.0,0.0,0.0,0.0,0.0,0.0,0.0,0.0,0.0,0.0,0.0,2086.0,0.0,0.0,1.0
60602,2015.0,4.0,0.0,0.0,0.0,0.0,0.0,0.0,0.0,0.0,0.0,0.0,0.0,2055.0,0.0,0.0,1.0
60602,2016.0,3.0,0.0,0.0,0.0,0.0,0.0,0.0,0.0,0.0,0.0,0.0,0.0,2003.0,0.0,0.0,1.0
60602,2017.0,4.0,0.0,0.0,0.0,0.0,0.0,0.0,0.0,0.0,0.0,0.0,0.0,2024.0,0.0,0.0,1.0
60602,2018.0,10.0,0.0,0.0,0.0,0.0,0.0,0.0,0.0,0.0,0.0,0.0,0.0,2128.0,0.0,0.0,1.0
60602,2019.0,7.0,0.0,0.0,0.0,0.0,0.0,0.0,0.0,0.0,0.0,0.0,0.0,2058.0,0.0,0.0,1.0
60602,2020.0,13.0,2.0,0.0,0.0,2.0,0.0,0.0,0.0,0.0,0.0,0.0,2.0,2171.0,0.0009212344541685859,2.0,0.9109962261711395
60602,2021.0,1.0,0.0,0.0,0.0,0.0,0.0,0.0,0.0,0.0,0.0,0.0,0.0,2209.0,0.0,0.0,1.0
60602,2022.0,8.0,0.0,0.0,0.0,0.0,0.0,0.0,0.0,0.0,0.0,0.0,0.0,2286.0,0.0,0.0,1.0
60603,2013.0,9.0,0.0,0.0,0.0,0.0,0.0,0.0,0.0,0.0,0.0,0.0,0.0,2918.0,0.0,0.0,1.0
60603,2014.0,5.0,0.0,0.0,0.0,0.0,0.0,0.0,0.0,0.0,0.0,0.0,0.0,2959.0,0.0,0.0,1.0
60603,2016.0,11.0,0.0,0.0,0.0,0.0,0.0,0.0,0.0,0.0,0.0,0.0,0.0,3057.0,0.0,0.0,1.0
60603,2017.0,12.0,0.0,0.0,0.0,0.0,0.0,0.0,0.0,0.0,0.0,0.0,0.0,3046.0,0.0,0.0,1.0
60603,2018.0,7.0,0.0,0.0,0.0,0.0,0.0,0.0,0.0,0.0,0.0,0.0,0.0,3075.0,0.0,0.0,1.0
60603,2019.0,6.0,0.0,0.0,0.0,0.0,0.0,0.0,0.0,0.0,0.0,0.0,0.0,3148.0,0.0,0.0,1.0
60603,2020.0,1.0,0.0,0.0,0.0,0.0,0.0,0.0,0.0,0.0,0.0,0.0,0.0,3213.0,0.0,0.0,1.0
60603,2021.0,8.0,0.0,0.0,0.0,0.0,0.0,0.0,0.0,0.0,0.0,0.0,0.0,3113.0,0.0,0.0,1.0
60603,2022.0,3.0,0.0,0.0,0.0,0.0,0.0,0.0,0.0,0.0,0.0,0.0,0.0,3244.0,0.0,0.0,1.0
60603,2023.0,6.0,6.0,0.0,0.0,2.0,1.0,1.0,1.0,1.0,0.0,0.0,6.0,3463.0,0.0017326017903551833,6.0,0.8283022606829163
60604,2013.0,3.0,0.0,0.0,0.0,0.0,0.0,0.0,0.0,0.0,0.0,0.0,0.0,5180.0,0.0,0.0,1.0
60604,2014.0,1.0,0.0,0.0,0.0,0.0,0.0,0.0,0.0,0.0,0.0,0.0,0.0,5141.0,0.0,0.0,1.0
60604,2016.0,2.0,0.0,0.0,0.0,0.0,0.0,0.0,0.0,0.0,0.0,0.0,0.0,5126.0,0.0,0.0,1.0
60604,2017.0,2.0,0.0,0.0,0.0,0.0,0.0,0.0,0.0,0.0,0.0,0.0,0.0,5076.0,0.0,0.0,1.0
60604,2018.0,2.0,0.0,0.0,0.0,0.0,0.0,0.0,0.0,0.0,0.0,0.0,0.0,5466.0,0.0,0.0,1.0
60604,2019.0,1.0,0.0,0.0,0.0,0.0,0.0,0.0,0.0,0.0,0.0,0.0,0.0,5373.0,0.0,0.0,1.0
60604,2020.0,1.0,0.0,0.0,0.0,0.0,0.0,0.0,0.0,0.0,0.0,0.0,0.0,5490.0,0.0,0.0,1.0
60604,2021.0,5.0,1.0,0.0,0.0,0.0,1.0,0.0,0.0,0.0,0.0,0.0,1.0,5416.0,0.00018463810930576072,1.0,0.9810092353939046
60604,2022.0,5.0,0.0,0.0,0.0,0.0,0.0,0.0,0.0,0.0,0.0,0.0,0.0,5188.0,0.0,0.0,1.0
60604,2023.0,1.0,4.0,0.0,0.0,1.0,1.0,2.0,0.0,0.0,0.0,0.0,4.0,5682.0,0.0007039774727208729,4.0,0.927233002767933
60605,2013.0,11.0,0.0,0.0,0.0,0.0,0.0,0.0,0.0,0.0,0.0,0.0,0.0,31134.0,0.0,0.0,1.0
60605,2014.0,4.0,0.0,0.0,0.0,0.0,0.0,0.0,0.0,0.0,0.0,0.0,0.0,30257.0,0.0,0.0,1.0
60605,2015.0,3.0,0.0,0.0,0.0,0.0,0.0,0.0,0.0,0.0,0.0,0.0,0.0,31413.0,0.0,0.0,1.0
60605,2016.0,5.0,0.0,0.0,0.0,0.0,0.0,0.0,0.0,0.0,0.0,0.0,0.0,31053.0,0.0,0.0,1.0
60605,2017.0,4.0,0.0,0.0,0.0,0.0,0.0,0.0,0.0,0.0,0.0,0.0,0.0,30960.0,0.0,0.0,1.0
60605,2018.0,7.0,0.0,0.0,0.0,0.0,0.0,0.0,0.0,0.0,0.0,0.0,0.0,32224.0,0.0,0.0,1.0
60605,2019.0,10.0,0.0,0.0,0.0,0.0,0.0,0.0,0.0,0.0,0.0,0.0,0.0,33374.0,0.0,0.0,1.0
60605,2020.0,6.0,0.0,0.0,0.0,0.0,0.0,0.0,0.0,0.0,0.0,0.0,0.0,32156.0,0.0,0.0,1.0
60605,2021.0,10.0,0.0,0.0,0.0,0.0,0.0,0.0,0.0,0.0,0.0,0.0,0.0,31875.0,0.0,0.0,1.0
60605,2022.0,25.0,3.0,0.0,1.0,0.0,0.0,2.0,0.0,0.0,0.0,0.0,3.0,31785.0,9.438414346389807e-05,3.0,0.9855060314779398
60605,2023.0,34.0,22.0,0.0,3.0,2.0,0.0,10.0,5.0,3.0,0.0,0.0,23.0,32105.0,0.0006852515184550694,23.0,0.8924255421597613
60606,2013.0,8.0,0.0,0.0,0.0,0.0,0.0,0.0,0.0,0.0,0.0,0.0,0.0,4785.0,0.0,0.0,1.0
60606,2014.0,15.0,0.0,0.0,0.0,0.0,0.0,0.0,0.0,0.0,0.0,0.0,0.0,4905.0,0.0,0.0,1.0
60606,2015.0,12.0,0.0,0.0,0.0,0.0,0.0,0.0,0.0,0.0,0.0,0.0,0.0,5136.0,0.0,0.0,1.0
60606,2016.0,14.0,0.0,0.0,0.0,0.0,0.0,0.0,0.0,0.0,0.0,0.0,0.0,5308.0,0.0,0.0,1.0
60606,2017.0,18.0,0.0,0.0,0.0,0.0,0.0,0.0,0.0,0.0,0.0,0.0,0.0,5164.0,0.0,0.0,1.0
60606,2018.0,23.0,0.0,0.0,0.0,0.0,0.0,0.0,0.0,0.0,0.0,0.0,0.0,5370.0,0.0,0.0,1.0
60606,2019.0,11.0,0.0,0.0,0.0,0.0,0.0,0.0,0.0,0.0,0.0,0.0,0.0,5087.0,0.0,0.0,1.0
60606,2020.0,8.0,0.0,0.0,0.0,0.0,0.0,0.0,0.0,0.0,0.0,0.0,0.0,5543.0,0.0,0.0,1.0
60606,2021.0,15.0,0.0,0.0,0.0,0.0,0.0,0.0,0.0,0.0,0.0,0.0,0.0,5372.0,0.0,0.0,1.0
60606,2022.0,19.0,2.0,0.0,0.0,0.0,2.0,0.0,0.0,0.0,0.0,0.0,2.0,5313.0,0.0003764351590438547,2.0,0.96135670838188
60606,2023.0,16.0,9.0,0.0,0.0,2.0,3.0,0.0,2.0,2.0,0.0,0.0,9.0,5698.0,0.0015795015795015794,9.0,0.8366853985275038
60607,2013.0,10.0,0.0,0.0,0.0,0.0,0.0,0.0,0.0,0.0,0.0,0.0,0.0,26248.0,0.0,0.0,1.0
60607,2014.0,13.0,0.0,0.0,0.0,0.0,0.0,0.0,0.0,0.0,0.0,0.0,0.0,26326.0,0.0,0.0,1.0
60607,2015.0,13.0,0.0,0.0,0.0,0.0,0.0,0.0,0.0,0.0,0.0,0.0,0.0,25463.0,0.0,0.0,1.0
60607,2016.0,18.0,0.0,0.0,0.0,0.0,0.0,0.0,0.0,0.0,0.0,0.0,0.0,24613.0,0.0,0.0,1.0
60607,2017.0,10.0,0.0,0.0,0.0,0.0,0.0,0.0,0.0,0.0,0.0,0.0,0.0,25389.0,0.0,0.0,1.0
60607,2018.0,8.0,0.0,0.0,0.0,0.0,0.0,0.0,0.0,0.0,0.0,0.0,0.0,26047.0,0.0,0.0,1.0
60607,2019.0,14.0,0.0,0.0,0.0,0.0,0.0,0.0,0.0,0.0,0.0,0.0,0.0,26647.0,0.0,0.0,1.0
60607,2020.0,13.0,0.0,0.0,0.0,0.0,0.0,0.0,0.0,0.0,0.0,0.0,0.0,26206.0,0.0,0.0,1.0
60607,2021.0,16.0,2.0,0.0,0.0,1.0,0.0,1.0,0.0,0.0,0.0,0.0,2.0,27113.0,7.376535241397116e-05,2.0,0.9893350805070178
60607,2022.0,35.0,5.0,0.0,0.0,1.0,0.0,2.0,0.0,2.0,0.0,0.0,5.0,27479.0,0.00018195713089995996,5.0,0.9735647535826524
60607,2023.0,31.0,44.0,0.0,5.0,13.0,4.0,7.0,4.0,11.0,0.0,1.0,45.0,26557.0,0.0016568136461196671,45.0,0.7603080103667222
60608,2013.0,3.0,0.0,0.0,0.0,0.0,0.0,0.0,0.0,0.0,0.0,0.0,0.0,43586.0,0.0,0.0,1.0
60608,2014.0,1.0,0.0,0.0,0.0,0.0,0.0,0.0,0.0,0.0,0.0,0.0,0.0,44246.0,0.0,0.0,1.0
60608,2015.0,4.0,0.0,0.0,0.0,0.0,0.0,0.0,0.0,0.0,0.0,0.0,0.0,44735.0,0.0,0.0,1.0
60608,2016.0,6.0,0.0,0.0,0.0,0.0,0.0,0.0,0.0,0.0,0.0,0.0,0.0,45975.0,0.0,0.0,1.0
60608,2017.0,2.0,0.0,0.0,0.0,0.0,0.0,0.0,0.0,0.0,0.0,0.0,0.0,48834.0,0.0,0.0,1.0
60608,2018.0,5.0,0.0,0.0,0.0,0.0,0.0,0.0,0.0,0.0,0.0,0.0,0.0,46015.0,0.0,0.0,1.0
60608,2019.0,1.0,0.0,0.0,0.0,0.0,0.0,0.0,0.0,0.0,0.0,0.0,0.0,46745.0,0.0,0.0,1.0
60608,2021.0,5.0,0.0,0.0,0.0,0.0,0.0,0.0,0.0,0.0,0.0,0.0,0.0,51011.0,0.0,0.0,1.0
60608,2022.0,8.0,1.0,0.0,0.0,1.0,0.0,0.0,0.0,0.0,0.0,0.0,1.0,47898.0,2.0877698442523696e-05,1.0,0.9961470179349291
60608,2023.0,10.0,53.0,0.0,13.0,11.0,1.0,22.0,1.0,5.0,0.0,3.0,56.0,51377.0,0.0010315900110944587,56.0,0.7969489595277501
60609,2013.0,1.0,0.0,0.0,0.0,0.0,0.0,0.0,0.0,0.0,0.0,0.0,0.0,20667.0,0.0,0.0,1.0
60609,2015.0,2.0,0.0,0.0,0.0,0.0,0.0,0.0,0.0,0.0,0.0,0.0,0.0,21046.0,0.0,0.0,1.0
60609,2017.0,1.0,0.0,0.0,0.0,0.0,0.0,0.0,0.0,0.0,0.0,0.0,0.0,19982.0,0.0,0.0,1.0
60609,2018.0,6.0,0.0,0.0,0.0,0.0,0.0,0.0,0.0,0.0,0.0,0.0,0.0,21220.0,0.0,0.0,1.0
60609,2019.0,3.0,0.0,0.0,0.0,0.0,0.0,0.0,0.0,0.0,0.0,0.0,0.0,21484.0,0.0,0.0,1.0
60609,2020.0,2.0,1.0,0.0,0.0,1.0,0.0,0.0,0.0,0.0,0.0,0.0,1.0,22267.0,4.490950734270445e-05,1.0,0.993925551249051
60609,2021.0,3.0,1.0,0.0,0.0,0.0,0.0,1.0,0.0,0.0,0.0,0.0,1.0,21434.0,4.6654847438648874e-05,1.0,0.993764214460182
60609,2022.0,8.0,5.0,0.0,0.0,3.0,0.0,1.0,0.0,1.0,0.0,0.0,5.0,22391.0,0.00022330400607386896,5.0,0.9697427064722782
60610,2013.0,5.0,0.0,0.0,0.0,0.0,0.0,0.0,0.0,0.0,0.0,0.0,0.0,19019.0,0.0,0.0,1.0
60610,2014.0,2.0,0.0,0.0,0.0,0.0,0.0,0.0,0.0,0.0,0.0,0.0,0.0,21015.0,0.0,0.0,1.0
60610,2015.0,2.0,0.0,0.0,0.0,0.0,0.0,0.0,0.0,0.0,0.0,0.0,0.0,20568.0,0.0,0.0,1.0
60610,2016.0,1.0,0.0,0.0,0.0,0.0,0.0,0.0,0.0,0.0,0.0,0.0,0.0,20205.0,0.0,0.0,1.0
60610,2017.0,5.0,0.0,0.0,0.0,0.0,0.0,0.0,0.0,0.0,0.0,0.0,0.0,21550.0,0.0,0.0,1.0
60610,2019.0,6.0,0.0,0.0,0.0,0.0,0.0,0.0,0.0,0.0,0.0,0.0,0.0,22014.0,0.0,0.0,1.0
60610,2020.0,4.0,1.0,0.0,0.0,0.0,0.0,0.0,1.0,0.0,0.0,0.0,1.0,20660.0,4.84027105517909e-05,1.0,0.9936026444471444
60610,2021.0,4.0,1.0,0.0,0.0,0.0,0.0,1.0,0.0,0.0,0.0,0.0,1.0,22628.0,4.4193035177656004e-05,1.0,0.9939917809304131
60610,2022.0,11.0,3.0,0.0,0.0,0.0,0.0,2.0,1.0,0.0,0.0,0.0,3.0,20764.0,0.00014448083220959353,3.0,0.9808751638814298
60610,2023.0,12.0,26.0,0.0,3.0,3.0,0.0,8.0,5.0,7.0,0.0,0.0,26.0,22947.0,0.0011330457140366933,26.0,0.8452628444340466
60611,2013.0,4.0,0.0,0.0,0.0,0.0,0.0,0.0,0.0,0.0,0.0,0.0,0.0,20621.0,0.0,0.0,1.0
60611,2014.0,9.0,0.0,0.0,0.0,0.0,0.0,0.0,0.0,0.0,0.0,0.0,0.0,19408.0,0.0,0.0,1.0
60611,2015.0,9.0,0.0,0.0,0.0,0.0,0.0,0.0,0.0,0.0,0.0,0.0,0.0,19833.0,0.0,0.0,1.0
60611,2016.0,11.0,0.0,0.0,0.0,0.0,0.0,0.0,0.0,0.0,0.0,0.0,0.0,20198.0,0.0,0.0,1.0
60611,2017.0,16.0,0.0,0.0,0.0,0.0,0.0,0.0,0.0,0.0,0.0,0.0,0.0,19809.0,0.0,0.0,1.0
60611,2018.0,36.0,0.0,0.0,0.0,0.0,0.0,0.0,0.0,0.0,0.0,0.0,0.0,21765.0,0.0,0.0,1.0
60611,2019.0,38.0,2.0,0.0,0.0,1.0,0.0,0.0,0.0,1.0,0.0,0.0,2.0,21499.0,9.302758267826411e-05,2.0,0.9875545069760957
60611,2020.0,19.0,3.0,0.0,0.0,2.0,1.0,0.0,0.0,0.0,0.0,0.0,3.0,21477.0,0.0001396843134515994,3.0,0.9813185473434626
60611,2021.0,13.0,6.0,0.0,0.0,5.0,0.0,0.0,0.0,1.0,0.0,0.0,6.0,22616.0,0.0002652989034311992,6.0,0.9639376801776965
60611,2022.0,15.0,8.0,0.0,0.0,4.0,1.0,3.0,0.0,0.0,0.0,0.0,8.0,21288.0,0.0003757985719654265,8.0,0.9498770920594928
60611,2023.0,25.0,44.0,0.0,1.0,29.0,4.0,5.0,1.0,5.0,0.0,1.0,46.0,22502.0,0.0019553817438449916,46.0,0.7307857175328605
60612,2013.0,2.0,0.0,0.0,0.0,0.0,0.0,0.0,0.0,0.0,0.0,0.0,0.0,20022.0,0.0,0.0,1.0
60612,2014.0,2.0,0.0,0.0,0.0,0.0,0.0,0.0,0.0,0.0,0.0,0.0,0.0,19704.0,0.0,0.0,1.0
60612,2015.0,2.0,0.0,0.0,0.0,0.0,0.0,0.0,0.0,0.0,0.0,0.0,0.0,21268.0,0.0,0.0,1.0
60612,2016.0,7.0,0.0,0.0,0.0,0.0,0.0,0.0,0.0,0.0,0.0,0.0,0.0,21098.0,0.0,0.0,1.0
60612,2017.0,1.0,0.0,0.0,0.0,0.0,0.0,0.0,0.0,0.0,0.0,0.0,0.0,19905.0,0.0,0.0,1.0
60612,2018.0,5.0,0.0,0.0,0.0,0.0,0.0,0.0,0.0,0.0,0.0,0.0,0.0,20609.0,0.0,0.0,1.0
60612,2019.0,3.0,0.0,0.0,0.0,0.0,0.0,0.0,0.0,0.0,0.0,0.0,0.0,20776.0,0.0,0.0,1.0
60612,2020.0,4.0,2.0,0.0,0.0,0.0,0.0,0.0,2.0,0.0,0.0,0.0,2.0,21191.0,9.437968949082157e-05,2.0,0.9874295201200367
60612,2021.0,6.0,1.0,0.0,0.0,1.0,0.0,0.0,0.0,0.0,0.0,0.0,1.0,21428.0,4.666791114429718e-05,1.0,0.9937630068695669
60612,2022.0,4.0,5.0,0.0,0.0,1.0,0.0,2.0,2.0,0.0,0.0,0.0,5.0,22678.0,0.00022047799629596967,5.0,0.9700039388498177
60612,2023.0,6.0,13.0,0.0,0.0,4.0,2.0,6.0,1.0,0.0,0.0,0.0,13.0,22105.0,0.0005881022393123727,13.0,0.920636654404616
60613,2013.0,1.0,0.0,0.0,0.0,0.0,0.0,0.0,0.0,0.0,0.0,0.0,0.0,19859.0,0.0,0.0,1.0
60613,2015.0,2.0,0.0,0.0,0.0,0.0,0.0,0.0,0.0,0.0,0.0,0.0,0.0,20345.0,0.0,0.0,1.0
60613,2016.0,2.0,0.0,0.0,0.0,0.0,0.0,0.0,0.0,0.0,0.0,0.0,0.0,19919.0,0.0,0.0,1.0
60613,2017.0,1.0,0.0,0.0,0.0,0.0,0.0,0.0,0.0,0.0,0.0,0.0,0.0,21076.0,0.0,0.0,1.0
60613,2019.0,2.0,0.0,0.0,0.0,0.0,0.0,0.0,0.0,0.0,0.0,0.0,0.0,20562.0,0.0,0.0,1.0
60613,2020.0,4.0,0.0,0.0,0.0,0.0,0.0,0.0,0.0,0.0,0.0,0.0,0.0,21346.0,0.0,0.0,1.0
60613,2021.0,1.0,1.0,0.0,0.0,0.0,0.0,1.0,0.0,0.0,0.0,0.0,1.0,21415.0,4.669624095260332e-05,1.0,0.9937603881018482
60613,2022.0,12.0,2.0,0.0,0.0,0.0,0.0,0.0,0.0,2.0,0.0,0.0,2.0,22228.0,8.997660608241857e-05,2.0,0.9878365349705432
60613,2023.0,9.0,28.0,0.0,2.0,5.0,0.0,13.0,1.0,7.0,0.0,0.0,28.0,22343.0,0.0012531889182294232,28.0,0.8303108214143579
60614,2013.0,2.0,0.0,0.0,0.0,0.0,0.0,0.0,0.0,0.0,0.0,0.0,0.0,20540.0,0.0,0.0,1.0
60614,2014.0,3.0,0.0,0.0,0.0,0.0,0.0,0.0,0.0,0.0,0.0,0.0,0.0,19545.0,0.0,0.0,1.0
60614,2015.0,4.0,0.0,0.0,0.0,0.0,0.0,0.0,0.0,0.0,0.0,0.0,0.0,19482.0,0.0,0.0,1.0
60614,2016.0,7.0,0.0,0.0,0.0,0.0,0.0,0.0,0.0,0.0,0.0,0.0,0.0,20510.0,0.0,0.0,1.0
60614,2017.0,2.0,0.0,0.0,0.0,0.0,0.0,0.0,0.0,0.0,0.0,0.0,0.0,21814.0,0.0,0.0,1.0
60614,2018.0,3.0,0.0,0.0,0.0,0.0,0.0,0.0,0.0,0.0,0.0,0.0,0.0,21821.0,0.0,0.0,1.0
60614,2019.0,9.0,0.0,0.0,0.0,0.0,0.0,0.0,0.0,0.0,0.0,0.0,0.0,21210.0,0.0,0.0,1.0
60614,2020.0,11.0,1.0,0.0,0.0,1.0,0.0,0.0,0.0,0.0,0.0,0.0,1.0,22250.0,4.4943820224719104e-05,1.0,0.993922379414396
60614,2021.0,13.0,2.0,0.0,0.0,1.0,0.0,1.0,0.0,0.0,0.0,0.0,2.0,21079.0,9.488116134541487e-05,2.0,0.9873831647656183
60614,2022.0,26.0,2.0,0.0,0.0,2.0,0.0,0.0,0.0,0.0,0.0,0.0,2.0,22379.0,8.936949819026766e-05,2.0,0.9878926551720124
60614,2023.0,10.0,34.0,0.0,3.0,9.0,2.0,12.0,2.0,7.0,0.0,0.0,35.0,21504.0,0.0015811011904761905,35.0,0.7865375327340788
60615,2013.0,1.0,0.0,0.0,0.0,0.0,0.0,0.0,0.0,0.0,0.0,0.0,0.0,19543.0,0.0,0.0,1.0
60615,2014.0,1.0,0.0,0.0,0.0,0.0,0.0,0.0,0.0,0.0,0.0,0.0,0.0,19469.0,0.0,0.0,1.0
60615,2015.0,2.0,0.0,0.0,0.0,0.0,0.0,0.0,0.0,0.0,0.0,0.0,0.0,20821.0,0.0,0.0,1.0
60615,2016.0,3.0,0.0,0.0,0.0,0.0,0.0,0.0,0.0,0.0,0.0,0.0,0.0,20687.0,0.0,0.0,1.0
60615,2017.0,4.0,0.0,0.0,0.0,0.0,0.0,0.0,0.0,0.0,0.0,0.0,0.0,20633.0,0.0,0.0,1.0
60615,2019.0,4.0,0.0,0.0,0.0,0.0,0.0,0.0,0.0,0.0,0.0,0.0,0.0,20946.0,0.0,0.0,1.0
60615,2020.0,1.0,1.0,0.0,0.0,0.0,0.0,0.0,1.0,0.0,0.0,0.0,1.0,21942.0,4.5574696928265424e-05,1.0,0.9938640620573611
60615,2021.0,4.0,0.0,0.0,0.0,0.0,0.0,0.0,0.0,0.0,0.0,0.0,0.0,21425.0,0.0,0.0,1.0
60615,2022.0,5.0,6.0,0.0,0.0,0.0,0.0,4.0,1.0,1.0,0.0,0.0,6.0,22025.0,0.0002724177071509648,6.0,0.9632796279531449
60615,2023.0,7.0,11.0,0.0,0.0,2.0,0.0,9.0,0.0,0.0,0.0,0.0,11.0,21858.0,0.0005032482386311648,11.0,0.9323265929804063
60616,2014.0,2.0,0.0,0.0,0.0,0.0,0.0,0.0,0.0,0.0,0.0,0.0,0.0,20134.0,0.0,0.0,1.0
60616,2015.0,4.0,0.0,0.0,0.0,0.0,0.0,0.0,0.0,0.0,0.0,0.0,0.0,19435.0,0.0,0.0,1.0
60616,2016.0,2.0,0.0,0.0,0.0,0.0,0.0,0.0,0.0,0.0,0.0,0.0,0.0,19625.0,0.0,0.0,1.0
60616,2017.0,3.0,0.0,0.0,0.0,0.0,0.0,0.0,0.0,0.0,0.0,0.0,0.0,20720.0,0.0,0.0,1.0
60616,2020.0,2.0,0.0,0.0,0.0,0.0,0.0,0.0,0.0,0.0,0.0,0.0,0.0,20869.0,0.0,0.0,1.0
60616,2021.0,2.0,0.0,0.0,0.0,0.0,0.0,0.0,0.0,0.0,0.0,0.0,0.0,21685.0,0.0,0.0,1.0
60616,2022.0,11.0,6.0,0.0,0.0,3.0,0.0,1.0,0.0,2.0,0.0,0.0,6.0,22127.0,0.0002711619288651873,6.0,0.9633957103353863
60616,2023.0,7.0,32.0,0.0,5.0,4.0,0.0,17.0,0.0,6.0,0.0,2.0,34.0,22559.0,0.0014185025932000532,34.0,0.8034909957808043
60617,2013.0,2.0,0.0,0.0,0.0,0.0,0.0,0.0,0.0,0.0,0.0,0.0,0.0,19040.0,0.0,0.0,1.0
60617,2016.0,1.0,0.0,0.0,0.0,0.0,0.0,0.0,0.0,0.0,0.0,0.0,0.0,20820.0,0.0,0.0,1.0
60617,2017.0,1.0,0.0,0.0,0.0,0.0,0.0,0.0,0.0,0.0,0.0,0.0,0.0,21464.0,0.0,0.0,1.0
60617,2018.0,4.0,0.0,0.0,0.0,0.0,0.0,0.0,0.0,0.0,0.0,0.0,0.0,20003.0,0.0,0.0,1.0
60617,2019.0,3.0,0.0,0.0,0.0,0.0,0.0,0.0,0.0,0.0,0.0,0.0,0.0,22171.0,0.0,0.0,1.0
60617,2021.0,3.0,0.0,0.0,0.0,0.0,0.0,0.0,0.0,0.0,0.0,0.0,0.0,20740.0,0.0,0.0,1.0
60617,2022.0,8.0,2.0,0.0,0.0,0.0,0.0,2.0,0.0,0.0,0.0,0.0,2.0,22018.0,9.083477155054956e-05,2.0,0.987757207359112
60617,2023.0,9.0,34.0,0.0,2.0,8.0,1.0,22.0,0.0,1.0,0.0,1.0,35.0,22621.0,0.0015030281596746385,35.0,0.7937544941251906
60618,2013.0,2.0,0.0,0.0,0.0,0.0,0.0,0.0,0.0,0.0,0.0,0.0,0.0,19741.0,0.0,0.0,1.0
60618,2014.0,1.0,0.0,0.0,0.0,0.0,0.0,0.0,0.0,0.0,0.0,0.0,0.0,20906.0,0.0,0.0,1.0
60618,2015.0,5.0,0.0,0.0,0.0,0.0,0.0,0.0,0.0,0.0,0.0,0.0,0.0,21340.0,0.0,0.0,1.0
60618,2016.0,3.0,0.0,0.0,0.0,0.0,0.0,0.0,0.0,0.0,0.0,0.0,0.0,21027.0,0.0,0.0,1.0
60618,2017.0,2.0,0.0,0.0,0.0,0.0,0.0,0.0,0.0,0.0,0.0,0.0,0.0,21768.0,0.0,0.0,1.0
60618,2018.0,9.0,0.0,0.0,0.0,0.0,0.0,0.0,0.0,0.0,0.0,0.0,0.0,21080.0,0.0,0.0,1.0
60618,2019.0,2.0,0.0,0.0,0.0,0.0,0.0,0.0,0.0,0.0,0.0,0.0,0.0,21689.0,0.0,0.0,1.0
60618,2020.0,4.0,1.0,0.0,0.0,0.0,0.0,0.0,1.0,0.0,0.0,0.0,1.0,22107.0,4.523454109558059e-05,1.0,0.9938955055851229
60618,2021.0,12.0,0.0,0.0,0.0,0.0,0.0,0.0,0.0,0.0,0.0,0.0,0.0,21046.0,0.0,0.0,1.0
60618,2022.0,17.0,5.0,0.0,0.0,2.0,0.0,2.0,0.0,1.0,0.0,0.0,5.0,21536.0,0.00023216939078751856,5.0,0.9689232027519937
60618,2023.0,14.0,38.0,0.0,5.0,6.0,2.0,22.0,2.0,2.0,0.0,2.0,41.0,21300.0,0.001784037558685446,41.0,0.7562399181413266
60619,2013.0,2.0,0.0,0.0,0.0,0.0,0.0,0.0,0.0,0.0,0.0,0.0,0.0,19680.0,0.0,0.0,1.0
60619,2014.0,2.0,0.0,0.0,0.0,0.0,0.0,0.0,0.0,0.0,0.0,0.0,0.0,19748.0,0.0,0.0,1.0
60619,2015.0,1.0,0.0,0.0,0.0,0.0,0.0,0.0,0.0,0.0,0.0,0.0,0.0,19554.0,0.0,0.0,1.0
60619,2016.0,2.0,0.0,0.0,0.0,0.0,0.0,0.0,0.0,0.0,0.0,0.0,0.0,21131.0,0.0,0.0,1.0
60619,2018.0,2.0,0.0,0.0,0.0,0.0,0.0,0.0,0.0,0.0,0.0,0.0,0.0,20415.0,0.0,0.0,1.0
60619,2019.0,4.0,0.0,0.0,0.0,0.0,0.0,0.0,0.0,0.0,0.0,0.0,0.0,21372.0,0.0,0.0,1.0
60619,2020.0,1.0,0.0,0.0,0.0,0.0,0.0,0.0,0.0,0.0,0.0,0.0,0.0,21240.0,0.0,0.0,1.0
60619,2021.0,4.0,0.0,0.0,0.0,0.0,0.0,0.0,0.0,0.0,0.0,0.0,0.0,22038.0,0.0,0.0,1.0
60619,2022.0,2.0,3.0,0.0,0.0,0.0,0.0,3.0,0.0,0.0,0.0,0.0,3.0,20973.0,0.00014304105278214847,3.0,0.9810082550709598
60619,2023.0,3.0,26.0,0.0,2.0,8.0,1.0,15.0,0.0,0.0,0.0,0.0,26.0,22078.0,0.001177642902436815,26.0,0.8411403429308846
60620,2013.0,1.0,0.0,0.0,0.0,0.0,0.0,0.0,0.0,0.0,0.0,0.0,0.0,19432.0,0.0,0.0,1.0
60620,2016.0,1.0,1.0,0.0,0.0,0.0,0.0,1.0,0.0,0.0,0.0,0.0,1.0,19939.0,5.0152966547971315e-05,1.0,0.993440853239357
60620,2018.0,3.0,0.0,0.0,0.0,0.0,0.0,0.0,0.0,0.0,0.0,0.0,0.0,21414.0,0.0,0.0,1.0
60620,2019.0,1.0,0.0,0.0,0.0,0.0,0.0,0.0,0.0,0.0,0.0,0.0,0.0,21180.0,0.0,0.0,1.0
60620,2020.0,4.0,1.0,0.0,0.0,0.0,0.0,1.0,0.0,0.0,0.0,0.0,1.0,21334.0,4.6873535202024934e-05,1.0,0.9937439992702657
60620,2021.0,4.0,0.0,0.0,0.0,0.0,0.0,0.0,0.0,0.0,0.0,0.0,0.0,20630.0,0.0,0.0,1.0
60620,2022.0,9.0,0.0,0.0,0.0,0.0,0.0,0.0,0.0,0.0,0.0,0.0,0.0,22502.0,0.0,0.0,1.0
60620,2023.0,4.0,8.0,0.0,0.0,2.0,0.0,5.0,1.0,0.0,0.0,0.0,8.0,22284.0,0.0003590019745108598,8.0,0.9514297459540211
60621,2013.0,1.0,0.0,0.0,0.0,0.0,0.0,0.0,0.0,0.0,0.0,0.0,0.0,20125.0,0.0,0.0,1.0
60621,2020.0,3.0,1.0,0.0,0.0,1.0,0.0,0.0,0.0,0.0,0.0,0.0,1.0,20666.0,4.838865769863544e-05,1.0,0.9936039434731667
60621,2021.0,3.0,0.0,0.0,0.0,0.0,0.0,0.0,0.0,0.0,0.0,0.0,0.0,20525.0,0.0,0.0,1.0
60621,2022.0,2.0,4.0,0.0,0.0,3.0,0.0,1.0,0.0,0.0,0.0,0.0,4.0,21344.0,0.0001874062968515742,4.0,0.9749841172531143
60621,2023.0,8.0,4.0,0.0,0.0,1.0,0.0,3.0,0.0,0.0,0.0,1.0,5.0,22446.0,0.00017820547090795688,5.0,0.9739115517668254
60622,2013.0,4.0,0.0,0.0,0.0,0.0,0.0,0.0,0.0,0.0,0.0,0.0,0.0,20847.0,0.0,0.0,1.0
60622,2014.0,4.0,0.0,0.0,0.0,0.0,0.0,0.0,0.0,0.0,0.0,0.0,0.0,20525.0,0.0,0.0,1.0
60622,2015.0,15.0,0.0,0.0,0.0,0.0,0.0,0.0,0.0,0.0,0.0,0.0,0.0,20490.0,0.0,0.0,1.0
60622,2016.0,5.0,0.0,0.0,0.0,0.0,0.0,0.0,0.0,0.0,0.0,0.0,0.0,21272.0,0.0,0.0,1.0
60622,2017.0,5.0,0.0,0.0,0.0,0.0,0.0,0.0,0.0,0.0,0.0,0.0,0.0,20399.0,0.0,0.0,1.0
60622,2018.0,5.0,0.0,0.0,0.0,0.0,0.0,0.0,0.0,0.0,0.0,0.0,0.0,20556.0,0.0,0.0,1.0
60622,2019.0,7.0,0.0,0.0,0.0,0.0,0.0,0.0,0.0,0.0,0.0,0.0,0.0,21623.0,0.0,0.0,1.0
60622,2020.0,14.0,0.0,0.0,0.0,0.0,0.0,0.0,0.0,0.0,0.0,0.0,0.0,21386.0,0.0,0.0,1.0
60622,2021.0,13.0,2.0,0.0,0.0,1.0,0.0,1.0,0.0,0.0,0.0,0.0,2.0,21453.0,9.322705449121335e-05,2.0,0.9875360680816672
60622,2022.0,20.0,5.0,0.0,1.0,1.0,0.0,2.0,0.0,1.0,0.0,0.0,5.0,20909.0,0.00023913147448467167,5.0,0.9682796375063745
60622,2023.0,36.0,43.0,0.0,3.0,12.0,1.0,21.0,1.0,6.0,0.0,0.0,44.0,22165.0,0.0019399954883825852,44.0,0.7360541552392146
60623,2013.0,3.0,0.0,0.0,0.0,0.0,0.0,0.0,0.0,0.0,0.0,0.0,0.0,20344.0,0.0,0.0,1.0
60623,2014.0,2.0,0.0,0.0,0.0,0.0,0.0,0.0,0.0,0.0,0.0,0.0,0.0,20717.0,0.0,0.0,1.0
60623,2015.0,4.0,0.0,0.0,0.0,0.0,0.0,0.0,0.0,0.0,0.0,0.0,0.0,21248.0,0.0,0.0,1.0
60623,2016.0,1.0,0.0,0.0,0.0,0.0,0.0,0.0,0.0,0.0,0.0,0.0,0.0,20877.0,0.0,0.0,1.0
60623,2017.0,4.0,0.0,0.0,0.0,0.0,0.0,0.0,0.0,0.0,0.0,0.0,0.0,20483.0,0.0,0.0,1.0
60623,2019.0,5.0,0.0,0.0,0.0,0.0,0.0,0.0,0.0,0.0,0.0,0.0,0.0,20751.0,0.0,0.0,1.0
60623,2020.0,7.0,0.0,0.0,0.0,0.0,0.0,0.0,0.0,0.0,0.0,0.0,0.0,21507.0,0.0,0.0,1.0
60623,2021.0,6.0,0.0,0.0,0.0,0.0,0.0,0.0,0.0,0.0,0.0,0.0,0.0,21218.0,0.0,0.0,1.0
60623,2022.0,5.0,7.0,0.0,0.0,2.0,1.0,4.0,0.0,0.0,0.0,0.0,7.0,21831.0,0.00032064495442261004,7.0,0.9568984919796417
60623,2023.0,5.0,25.0,0.0,1.0,7.0,0.0,17.0,0.0,0.0,0.0,3.0,28.0,22093.0,0.001131580138505409,28.0,0.8415521663330567
60624,2013.0,2.0,0.0,0.0,0.0,0.0,0.0,0.0,0.0,0.0,0.0,0.0,0.0,19723.0,0.0,0.0,1.0
60624,2014.0,1.0,0.0,0.0,0.0,0.0,0.0,0.0,0.0,0.0,0.0,0.0,0.0,20725.0,0.0,0.0,1.0
60624,2015.0,5.0,0.0,0.0,0.0,0.0,0.0,0.0,0.0,0.0,0.0,0.0,0.0,21272.0,0.0,0.0,1.0
60624,2017.0,1.0,0.0,0.0,0.0,0.0,0.0,0.0,0.0,0.0,0.0,0.0,0.0,20257.0,0.0,0.0,1.0
60624,2018.0,1.0,0.0,0.0,0.0,0.0,0.0,0.0,0.0,0.0,0.0,0.0,0.0,21109.0,0.0,0.0,1.0
60624,2019.0,3.0,0.0,0.0,0.0,0.0,0.0,0.0,0.0,0.0,0.0,0.0,0.0,22075.0,0.0,0.0,1.0
60624,2020.0,2.0,0.0,0.0,0.0,0.0,0.0,0.0,0.0,0.0,0.0,0.0,0.0,22110.0,0.0,0.0,1.0
60624,2021.0,5.0,0.0,0.0,0.0,0.0,0.0,0.0,0.0,0.0,0.0,0.0,0.0,21619.0,0.0,0.0,1.0
60624,2022.0,3.0,4.0,0.0,0.0,0.0,0.0,4.0,0.0,0.0,0.0,0.0,4.0,22846.0,0.00017508535411012868,4.0,0.9761230479075823
60624,2023.0,9.0,12.0,0.0,0.0,4.0,0.0,6.0,0.0,1.0,0.0,1.0,12.0,21743.0,0.0005519017614864554,12.0,0.9259060526902325
60625,2013.0,2.0,0.0,0.0,0.0,0.0,0.0,0.0,0.0,0.0,0.0,0.0,0.0,20758.0,0.0,0.0,1.0
60625,2014.0,3.0,0.0,0.0,0.0,0.0,0.0,0.0,0.0,0.0,0.0,0.0,0.0,20785.0,0.0,0.0,1.0
60625,2015.0,3.0,0.0,0.0,0.0,0.0,0.0,0.0,0.0,0.0,0.0,0.0,0.0,20415.0,0.0,0.0,1.0
60625,2016.0,5.0,0.0,0.0,0.0,0.0,0.0,0.0,0.0,0.0,0.0,0.0,0.0,20185.0,0.0,0.0,1.0
60625,2017.0,3.0,0.0,0.0,0.0,0.0,0.0,0.0,0.0,0.0,0.0,0.0,0.0,20778.0,0.0,0.0,1.0
60625,2018.0,6.0,0.0,0.0,0.0,0.0,0.0,0.0,0.0,0.0,0.0,0.0,0.0,20674.0,0.0,0.0,1.0
60625,2019.0,3.0,0.0,0.0,0.0,0.0,0.0,0.0,0.0,0.0,0.0,0.0,0.0,21105.0,0.0,0.0,1.0
60625,2020.0,6.0,0.0,0.0,0.0,0.0,0.0,0.0,0.0,0.0,0.0,0.0,0.0,21822.0,0.0,0.0,1.0
60625,2021.0,8.0,1.0,0.0,0.0,0.0,0.0,0.0,0.0,1.0,0.0,0.0,1.0,22195.0,4.505519261094841e-05,1.0,0.993912084307325
60625,2022.0,6.0,6.0,0.0,0.0,2.0,1.0,2.0,0.0,1.0,0.0,0.0,6.0,22247.0,0.00026969928529689395,6.0,0.9635309150540062
60626,2013.0,1.0,0.0,0.0,0.0,0.0,0.0,0.0,0.0,0.0,0.0,0.0,0.0,19990.0,0.0,0.0,1.0
60626,2014.0,1.0,0.0,0.0,0.0,0.0,0.0,0.0,0.0,0.0,0.0,0.0,0.0,20382.0,0.0,0.0,1.0
60626,2015.0,1.0,0.0,0.0,0.0,0.0,0.0,0.0,0.0,0.0,0.0,0.0,0.0,20278.0,0.0,0.0,1.0
60626,2016.0,2.0,0.0,0.0,0.0,0.0,0.0,0.0,0.0,0.0,0.0,0.0,0.0,21058.0,0.0,0.0,1.0
60626,2018.0,1.0,0.0,0.0,0.0,0.0,0.0,0.0,0.0,0.0,0.0,0.0,0.0,20660.0,0.0,0.0,1.0
60626,2019.0,2.0,0.0,0.0,0.0,0.0,0.0,0.0,0.0,0.0,0.0,0.0,0.0,21945.0,0.0,0.0,1.0
60626,2020.0,1.0,1.0,0.0,0.0,0.0,0.0,0.0,0.0,1.0,0.0,0.0,1.0,21143.0,4.7296977723123494e-05,1.0,0.9937048568379206
60626,2021.0,0.0,1.0,0.0,0.0,0.0,0.0,0.0,0.0,1.0,0.0,0.0,1.0,22160.0,4.5126353790613716e-05,1.0,0.9939055062677521
60626,2022.0,1.0,1.0,0.0,0.0,0.0,0.0,0.0,0.0,1.0,0.0,0.0,1.0,20859.0,4.794093676590441e-05,1.0,0.9936453301678082
60626,2023.0,0.0,8.0,0.0,0.0,3.0,1.0,2.0,1.0,1.0,0.0,0.0,8.0,23094.0,0.0003464103230276262,8.0,0.9525937005446379
60628,2013.0,2.0,0.0,0.0,0.0,0.0,0.0,0.0,0.0,0.0,0.0,0.0,0.0,19196.0,0.0,0.0,1.0
60628,2014.0,1.0,0.0,0.0,0.0,0.0,0.0,0.0,0.0,0.0,0.0,0.0,0.0,20086.0,0.0,0.0,1.0
60628,2016.0,1.0,0.0,0.0,0.0,0.0,0.0,0.0,0.0,0.0,0.0,0.0,0.0,20342.0,0.0,0.0,1.0
60628,2019.0,4.0,0.0,0.0,0.0,0.0,0.0,0.0,0.0,0.0,0.0,0.0,0.0,20650.0,0.0,0.0,1.0
60628,2020.0,3.0,0.0,0.0,0.0,0.0,0.0,0.0,0.0,0.0,0.0,0.0,0.0,21316.0,0.0,0.0,1.0
60628,2021.0,4.0,0.0,0.0,0.0,0.0,0.0,0.0,0.0,0.0,0.0,0.0,0.0,20540.0,0.0,0.0,1.0
60628,2022.0,4.0,4.0,0.0,0.0,2.0,0.0,2.0,0.0,0.0,0.0,0.0,4.0,22187.0,0.00018028575291837562,4.0,0.9756423303405534
60628,2023.0,9.0,34.0,0.0,5.0,4.0,0.0,24.0,0.0,1.0,0.0,2.0,36.0,21660.0,0.001569713758079409,36.0,0.785667094079399
60629,2013.0,5.0,0.0,0.0,0.0,0.0,0.0,0.0,0.0,0.0,0.0,0.0,0.0,19848.0,0.0,0.0,1.0
60629,2014.0,2.0,0.0,0.0,0.0,0.0,0.0,0.0,0.0,0.0,0.0,0.0,0.0,19592.0,0.0,0.0,1.0
60629,2015.0,4.0,0.0,0.0,0.0,0.0,0.0,0.0,0.0,0.0,0.0,0.0,0.0,19863.0,0.0,0.0,1.0
60629,2016.0,7.0,0.0,0.0,0.0,0.0,0.0,0.0,0.0,0.0,0.0,0.0,0.0,21614.0,0.0,0.0,1.0
60629,2017.0,4.0,0.0,0.0,0.0,0.0,0.0,0.0,0.0,0.0,0.0,0.0,0.0,21129.0,0.0,0.0,1.0
60629,2018.0,4.0,0.0,0.0,0.0,0.0,0.0,0.0,0.0,0.0,0.0,0.0,0.0,21390.0,0.0,0.0,1.0
60629,2019.0,1.0,0.0,0.0,0.0,0.0,0.0,0.0,0.0,0.0,0.0,0.0,0.0,21425.0,0.0,0.0,1.0
60629,2020.0,1.0,0.0,0.0,0.0,0.0,0.0,0.0,0.0,0.0,0.0,0.0,0.0,20942.0,0.0,0.0,1.0
60629,2021.0,1.0,1.0,0.0,0.0,0.0,0.0,1.0,0.0,0.0,0.0,1.0,2.0,21281.0,4.699027301348621e-05,2.0,0.9918101312677399
60629,2022.0,3.0,2.0,0.0,0.0,0.0,0.0,2.0,0.0,0.0,0.0,0.0,2.0,22187.0,9.014287645918781e-05,2.0,0.9878211651702766
60630,2013.0,5.0,0.0,0.0,0.0,0.0,0.0,0.0,0.0,0.0,0.0,0.0,0.0,20292.0,0.0,0.0,1.0
60630,2014.0,2.0,0.0,0.0,0.0,0.0,0.0,0.0,0.0,0.0,0.0,0.0,0.0,20360.0,0.0,0.0,1.0
60630,2015.0,5.0,0.0,0.0,0.0,0.0,0.0,0.0,0.0,0.0,0.0,0.0,0.0,19982.0,0.0,0.0,1.0
60630,2016.0,4.0,0.0,0.0,0.0,0.0,0.0,0.0,0.0,0.0,0.0,0.0,0.0,19842.0,0.0,0.0,1.0
60630,2017.0,1.0,0.0,0.0,0.0,0.0,0.0,0.0,0.0,0.0,0.0,0.0,0.0,20864.0,0.0,0.0,1.0
60630,2019.0,2.0,0.0,0.0,0.0,0.0,0.0,0.0,0.0,0.0,0.0,0.0,0.0,21849.0,0.0,0.0,1.0
60630,2020.0,1.0,0.0,0.0,0.0,0.0,0.0,0.0,0.0,0.0,0.0,0.0,0.0,20576.0,0.0,0.0,1.0
60630,2021.0,2.0,0.0,0.0,0.0,0.0,0.0,0.0,0.0,0.0,0.0,0.0,0.0,22607.0,0.0,0.0,1.0
60630,2022.0,3.0,3.0,0.0,0.0,0.0,1.0,2.0,0.0,0.0,0.0,0.0,3.0,22846.0,0.00013131401558259652,3.0,0.9820922859306868
60631,2014.0,1.0,0.0,0.0,0.0,0.0,0.0,0.0,0.0,0.0,0.0,0.0,0.0,20548.0,0.0,0.0,1.0
60631,2017.0,2.0,0.0,0.0,0.0,0.0,0.0,0.0,0.0,0.0,0.0,0.0,0.0,21663.0,0.0,0.0,1.0
60631,2018.0,2.0,0.0,0.0,0.0,0.0,0.0,0.0,0.0,0.0,0.0,0.0,0.0,21680.0,0.0,0.0,1.0
60631,2019.0,1.0,0.0,0.0,0.0,0.0,0.0,0.0,0.0,0.0,0.0,0.0,0.0,21005.0,0.0,0.0,1.0
60631,2020.0,8.0,0.0,0.0,0.0,0.0,0.0,0.0,0.0,0.0,0.0,0.0,0.0,20981.0,0.0,0.0,1.0
60631,2021.0,4.0,1.0,0.0,0.0,0.0,0.0,0.0,0.0,1.0,0.0,0.0,1.0,22436.0,4.457122481725798e-05,1.0,0.9939568216109208
60631,2022.0,6.0,0.0,0.0,0.0,0.0,0.0,0.0,0.0,0.0,0.0,0.0,0.0,22171.0,0.0,0.0,1.0
60631,2023.0,6.0,5.0,0.0,0.0,2.0,0.0,1.0,0.0,2.0,0.0,0.0,5.0,21822.0,0.0002291265695170012,5.0,0.969204476879614
60632,2013.0,1.0,0.0,0.0,0.0,0.0,0.0,0.0,0.0,0.0,0.0,0.0,0.0,19829.0,0.0,0.0,1.0
60632,2014.0,2.0,0.0,0.0,0.0,0.0,0.0,0.0,0.0,0.0,0.0,0.0,0.0,20014.0,0.0,0.0,1.0
60632,2016.0,3.0,0.0,0.0,0.0,0.0,0.0,0.0,0.0,0.0,0.0,0.0,0.0,21332.0,0.0,0.0,1.0
60632,2017.0,1.0,0.0,0.0,0.0,0.0,0.0,0.0,0.0,0.0,0.0,0.0,0.0,20892.0,0.0,0.0,1.0
60632,2018.0,2.0,0.0,0.0,0.0,0.0,0.0,0.0,0.0,0.0,0.0,0.0,0.0,20786.0,0.0,0.0,1.0
60632,2019.0,1.0,0.0,0.0,0.0,0.0,0.0,0.0,0.0,0.0,0.0,0.0,0.0,21937.0,0.0,0.0,1.0
60632,2020.0,4.0,0.0,0.0,0.0,0.0,0.0,0.0,0.0,0.0,0.0,0.0,0.0,21703.0,0.0,0.0,1.0
60632,2021.0,4.0,0.0,0.0,0.0,0.0,0.0,0.0,0.0,0.0,0.0,0.0,0.0,22219.0,0.0,0.0,1.0
60632,2022.0,4.0,2.0,0.0,0.0,1.0,0.0,1.0,0.0,0.0,0.0,0.0,2.0,21940.0,9.115770282588879e-05,2.0,0.9877273560452565
60632,2023.0,7.0,33.0,0.0,5.0,9.0,0.0,19.0,0.0,0.0,0.0,2.0,35.0,21355.0,0.0015453055490517442,35.0,0.7898464315878578
60633,2022.0,1.0,0.0,0.0,0.0,0.0,0.0,0.0,0.0,0.0,0.0,0.0,0.0,22417.0,0.0,0.0,1.0
60633,2023.0,0.0,6.0,0.0,4.0,0.0,0.0,2.0,0.0,0.0,0.0,0.0,6.0,21907.0,0.00027388505957000043,6.0,0.9631439879549712
60634,2013.0,2.0,1.0,0.0,0.0,0.0,0.0,1.0,0.0,0.0,0.0,0.0,1.0,19957.0,5.0107731622989425e-05,1.0,0.9934450346923348
60634,2015.0,3.0,0.0,0.0,0.0,0.0,0.0,0.0,0.0,0.0,0.0,0.0,0.0,19544.0,0.0,0.0,1.0
60634,2016.0,2.0,0.0,0.0,0.0,0.0,0.0,0.0,0.0,0.0,0.0,0.0,0.0,20136.0,0.0,0.0,1.0
60634,2018.0,1.0,0.0,0.0,0.0,0.0,0.0,0.0,0.0,0.0,0.0,0.0,0.0,20902.0,0.0,0.0,1.0
60634,2019.0,1.0,0.0,0.0,0.0,0.0,0.0,0.0,0.0,0.0,0.0,0.0,0.0,21627.0,0.0,0.0,1.0
60634,2021.0,2.0,2.0,0.0,0.0,1.0,0.0,1.0,0.0,0.0,0.0,0.0,2.0,21495.0,9.30448941614329e-05,2.0,0.9875529067268884
60634,2022.0,1.0,1.0,0.0,0.0,0.0,0.0,1.0,0.0,0.0,0.0,0.0,1.0,21698.0,4.6087196976679875e-05,1.0,0.993816687272184
60636,2014.0,1.0,0.0,0.0,0.0,0.0,0.0,0.0,0.0,0.0,0.0,0.0,0.0,20870.0,0.0,0.0,1.0
60636,2015.0,1.0,0.0,0.0,0.0,0.0,0.0,0.0,0.0,0.0,0.0,0.0,0.0,20887.0,0.0,0.0,1.0
60636,2016.0,1.0,0.0,0.0,0.0,0.0,0.0,0.0,0.0,0.0,0.0,0.0,0.0,20778.0,0.0,0.0,1.0
60636,2019.0,2.0,0.0,0.0,0.0,0.0,0.0,0.0,0.0,0.0,0.0,0.0,0.0,22193.0,0.0,0.0,1.0
60636,2020.0,3.0,0.0,0.0,0.0,0.0,0.0,0.0,0.0,0.0,0.0,0.0,0.0,21566.0,0.0,0.0,1.0
60636,2021.0,4.0,0.0,0.0,0.0,0.0,0.0,0.0,0.0,0.0,0.0,0.0,0.0,21004.0,0.0,0.0,1.0
60636,2022.0,2.0,0.0,0.0,0.0,0.0,0.0,0.0,0.0,0.0,0.0,0.0,0.0,21511.0,0.0,0.0,1.0
60636,2023.0,8.0,10.0,0.0,3.0,1.0,1.0,5.0,0.0,0.0,0.0,3.0,13.0,22675.0,0.0004410143329658214,13.0,0.9342332540281243
60637,2013.0,3.0,0.0,0.0,0.0,0.0,0.0,0.0,0.0,0.0,0.0,0.0,0.0,20636.0,0.0,0.0,1.0
60637,2014.0,4.0,0.0,0.0,0.0,0.0,0.0,0.0,0.0,0.0,0.0,0.0,0.0,19243.0,0.0,0.0,1.0
60637,2015.0,8.0,0.0,0.0,0.0,0.0,0.0,0.0,0.0,0.0,0.0,0.0,0.0,19925.0,0.0,0.0,1.0
60637,2016.0,5.0,0.0,0.0,0.0,0.0,0.0,0.0,0.0,0.0,0.0,0.0,0.0,20206.0,0.0,0.0,1.0
60637,2017.0,3.0,0.0,0.0,0.0,0.0,0.0,0.0,0.0,0.0,0.0,0.0,0.0,21569.0,0.0,0.0,1.0
60637,2019.0,4.0,0.0,0.0,0.0,0.0,0.0,0.0,0.0,0.0,0.0,0.0,0.0,21721.0,0.0,0.0,1.0
60637,2020.0,4.0,0.0,0.0,0.0,0.0,0.0,0.0,0.0,0.0,0.0,0.0,0.0,21059.0,0.0,0.0,1.0
60637,2021.0,6.0,0.0,0.0,0.0,0.0,0.0,0.0,0.0,0.0,0.0,0.0,0.0,22197.0,0.0,0.0,1.0
60637,2022.0,8.0,2.0,0.0,0.0,0.0,0.0,2.0,0.0,0.0,0.0,0.0,2.0,20824.0,9.604302727621975e-05,2.0,0.9872757635096636
60637,2023.0,11.0,14.0,0.0,0.0,3.0,1.0,10.0,0.0,1.0,0.0,0.0,15.0,22382.0,0.0006255026360468234,15.0,0.9133332603761144
60638,2016.0,1.0,0.0,0.0,0.0,0.0,0.0,0.0,0.0,0.0,0.0,0.0,0.0,20944.0,0.0,0.0,1.0
60638,2018.0,2.0,0.0,0.0,0.0,0.0,0.0,0.0,0.0,0.0,0.0,0.0,0.0,20393.0,0.0,0.0,1.0
60638,2019.0,1.0,0.0,0.0,0.0,0.0,0.0,0.0,0.0,0.0,0.0,0.0,0.0,20835.0,0.0,0.0,1.0
60638,2020.0,1.0,0.0,0.0,0.0,0.0,0.0,0.0,0.0,0.0,0.0,0.0,0.0,20705.0,0.0,0.0,1.0
60638,2021.0,1.0,0.0,0.0,0.0,0.0,0.0,0.0,0.0,0.0,0.0,0.0,0.0,21600.0,0.0,0.0,1.0
60638,2022.0,3.0,1.0,0.0,0.0,0.0,0.0,1.0,0.0,0.0,0.0,0.0,1.0,20867.0,4.79225571476494e-05,1.0,0.9936470291539237
60638,2023.0,2.0,11.0,0.0,2.0,2.0,0.0,5.0,2.0,0.0,0.0,0.0,11.0,20941.0,0.0005252853254381358,11.0,0.9302895156052146
60639,2015.0,2.0,0.0,0.0,0.0,0.0,0.0,0.0,0.0,0.0,0.0,0.0,0.0,20042.0,0.0,0.0,1.0
60639,2016.0,1.0,0.0,0.0,0.0,0.0,0.0,0.0,0.0,0.0,0.0,0.0,0.0,21283.0,0.0,0.0,1.0
60639,2017.0,1.0,0.0,0.0,0.0,0.0,0.0,0.0,0.0,0.0,0.0,0.0,0.0,21516.0,0.0,0.0,1.0
60639,2018.0,2.0,0.0,0.0,0.0,0.0,0.0,0.0,0.0,0.0,0.0,0.0,0.0,21050.0,0.0,0.0,1.0
60639,2019.0,1.0,0.0,0.0,0.0,0.0,0.0,0.0,0.0,0.0,0.0,0.0,0.0,20859.0,0.0,0.0,1.0
60639,2020.0,2.0,0.0,0.0,0.0,0.0,0.0,0.0,0.0,0.0,0.0,0.0,0.0,21422.0,0.0,0.0,1.0
60639,2021.0,1.0,0.0,0.0,0.0,0.0,0.0,0.0,0.0,0.0,0.0,0.0,0.0,22476.0,0.0,0.0,1.0
60639,2022.0,4.0,0.0,0.0,0.0,0.0,0.0,0.0,0.0,0.0,0.0,0.0,0.0,22495.0,0.0,0.0,1.0
60639,2023.0,2.0,23.0,0.0,1.0,4.0,2.0,15.0,0.0,1.0,0.0,1.0,24.0,21222.0,0.0010837809819998114,24.0,0.8536629609662063
60640,2013.0,1.0,0.0,0.0,0.0,0.0,0.0,0.0,0.0,0.0,0.0,0.0,0.0,20520.0,0.0,0.0,1.0
60640,2014.0,5.0,0.0,0.0,0.0,0.0,0.0,0.0,0.0,0.0,0.0,0.0,0.0,20751.0,0.0,0.0,1.0
60640,2015.0,3.0,0.0,0.0,0.0,0.0,0.0,0.0,0.0,0.0,0.0,0.0,0.0,20930.0,0.0,0.0,1.0
60640,2016.0,2.0,0.0,0.0,0.0,0.0,0.0,0.0,0.0,0.0,0.0,0.0,0.0,20732.0,0.0,0.0,1.0
60640,2017.0,6.0,0.0,0.0,0.0,0.0,0.0,0.0,0.0,0.0,0.0,0.0,0.0,21557.0,0.0,0.0,1.0
60640,2018.0,3.0,0.0,0.0,0.0,0.0,0.0,0.0,0.0,0.0,0.0,0.0,0.0,20093.0,0.0,0.0,1.0
60640,2019.0,2.0,0.0,0.0,0.0,0.0,0.0,0.0,0.0,0.0,0.0,0.0,0.0,20722.0,0.0,0.0,1.0
60640,2020.0,3.0,0.0,0.0,0.0,0.0,0.0,0.0,0.0,0.0,0.0,0.0,0.0,20994.0,0.0,0.0,1.0
60640,2021.0,6.0,1.0,0.0,0.0,0.0,0.0,0.0,0.0,1.0,0.0,0.0,1.0,22316.0,4.4810898010396126e-05,1.0,0.9939346665573305
60640,2022.0,5.0,0.0,0.0,0.0,0.0,0.0,0.0,0.0,0.0,0.0,0.0,0.0,22574.0,0.0,0.0,1.0
60640,2023.0,12.0,22.0,0.0,4.0,4.0,0.0,12.0,0.0,2.0,0.0,0.0,22.0,21917.0,0.001003787014646165,22.0,0.8649036448822964
60641,2013.0,7.0,0.0,0.0,0.0,0.0,0.0,0.0,0.0,0.0,0.0,0.0,0.0,20791.0,0.0,0.0,1.0
60641,2014.0,2.0,0.0,0.0,0.0,0.0,0.0,0.0,0.0,0.0,0.0,0.0,0.0,20506.0,0.0,0.0,1.0
60641,2015.0,2.0,0.0,0.0,0.0,0.0,0.0,0.0,0.0,0.0,0.0,0.0,0.0,19687.0,0.0,0.0,1.0
60641,2016.0,5.0,0.0,0.0,0.0,0.0,0.0,0.0,0.0,0.0,0.0,0.0,0.0,21422.0,0.0,0.0,1.0
60641,2017.0,4.0,0.0,0.0,0.0,0.0,0.0,0.0,0.0,0.0,0.0,0.0,0.0,20809.0,0.0,0.0,1.0
60641,2018.0,3.0,0.0,0.0,0.0,0.0,0.0,0.0,0.0,0.0,0.0,0.0,0.0,20869.0,0.0,0.0,1.0
60641,2019.0,6.0,0.0,0.0,0.0,0.0,0.0,0.0,0.0,0.0,0.0,0.0,0.0,20476.0,0.0,0.0,1.0
60641,2020.0,9.0,1.0,0.0,0.0,0.0,0.0,1.0,0.0,0.0,0.0,0.0,1.0,21204.0,4.716091303527636e-05,1.0,0.9937174344666972
60641,2021.0,6.0,1.0,0.0,0.0,0.0,0.0,0.0,0.0,1.0,0.0,0.0,1.0,22224.0,4.499640028797696e-05,1.0,0.993917518987145
60641,2022.0,10.0,7.0,0.0,1.0,1.0,0.0,5.0,0.0,0.0,0.0,0.0,7.0,20916.0,0.00033467202141900936,7.0,0.9556018495936061
60641,2023.0,17.0,45.0,0.0,7.0,3.0,5.0,21.0,5.0,4.0,0.0,2.0,47.0,22492.0,0.0020007113640405478,47.0,0.724672434139426
60642,2013.0,3.0,0.0,0.0,0.0,0.0,0.0,0.0,0.0,0.0,0.0,0.0,0.0,20746.0,0.0,0.0,1.0
60642,2014.0,4.0,0.0,0.0,0.0,0.0,0.0,0.0,0.0,0.0,0.0,0.0,0.0,19475.0,0.0,0.0,1.0
60642,2015.0,3.0,0.0,0.0,0.0,0.0,0.0,0.0,0.0,0.0,0.0,0.0,0.0,20804.0,0.0,0.0,1.0
60642,2016.0,3.0,0.0,0.0,0.0,0.0,0.0,0.0,0.0,0.0,0.0,0.0,0.0,21502.0,0.0,0.0,1.0
60642,2017.0,4.0,0.0,0.0,0.0,0.0,0.0,0.0,0.0,0.0,0.0,0.0,0.0,21406.0,0.0,0.0,1.0
60642,2018.0,1.0,1.0,0.0,0.0,0.0,0.0,0.0,0.0,1.0,0.0,0.0,1.0,21690.0,4.610419548178884e-05,1.0,0.9938151159542293
60642,2019.0,4.0,0.0,0.0,0.0,0.0,0.0,0.0,0.0,0.0,0.0,0.0,0.0,21255.0,0.0,0.0,1.0
60642,2020.0,4.0,2.0,0.0,1.0,0.0,0.0,0.0,0.0,1.0,0.0,0.0,2.0,21104.0,9.476876421531463e-05,2.0,0.9873935545985744
60642,2021.0,8.0,2.0,0.0,0.0,2.0,0.0,0.0,0.0,0.0,0.0,0.0,2.0,20982.0,9.53197979220284e-05,2.0,0.9873426178161063
60642,2022.0,19.0,2.0,0.0,1.0,0.0,0.0,1.0,0.0,0.0,0.0,0.0,2.0,21203.0,9.432627458378532e-05,2.0,0.9874344577190748
60642,2023.0,17.0,16.0,0.0,1.0,4.0,1.0,6.0,1.0,3.0,0.0,0.0,16.0,22757.0,0.0007030803708748956,16.0,0.9042390065265618
60643,2015.0,3.0,0.0,0.0,0.0,0.0,0.0,0.0,0.0,0.0,0.0,0.0,0.0,20148.0,0.0,0.0,1.0
60643,2016.0,1.0,0.0,0.0,0.0,0.0,0.0,0.0,0.0,0.0,0.0,0.0,0.0,21158.0,0.0,0.0,1.0
60643,2017.0,1.0,0.0,0.0,0.0,0.0,0.0,0.0,0.0,0.0,0.0,0.0,0.0,20670.0,0.0,0.0,1.0
60643,2018.0,2.0,0.0,0.0,0.0,0.0,0.0,0.0,0.0,0.0,0.0,0.0,0.0,20448.0,0.0,0.0,1.0
60643,2019.0,1.0,0.0,0.0,0.0,0.0,0.0,0.0,0.0,0.0,0.0,0.0,0.0,21726.0,0.0,0.0,1.0
60643,2020.0,2.0,0.0,0.0,0.0,0.0,0.0,0.0,0.0,0.0,0.0,0.0,0.0,20992.0,0.0,0.0,1.0
60643,2021.0,5.0,0.0,0.0,0.0,0.0,0.0,0.0,0.0,0.0,0.0,0.0,0.0,22323.0,0.0,0.0,1.0
60643,2022.0,9.0,1.0,0.0,0.0,1.0,0.0,0.0,0.0,0.0,0.0,0.0,1.0,22856.0,4.375218760938047e-05,1.0,0.994032532260891
60643,2023.0,10.0,24.0,0.0,3.0,9.0,1.0,11.0,0.0,0.0,0.0,0.0,24.0,21740.0,0.0011039558417663294,24.0,0.8517980252449822
60644,2013.0,1.0,0.0,0.0,0.0,0.0,0.0,0.0,0.0,0.0,0.0,0.0,0.0,20633.0,0.0,0.0,1.0
60644,2014.0,2.0,0.0,0.0,0.0,0.0,0.0,0.0,0.0,0.0,0.0,0.0,0.0,19695.0,0.0,0.0,1.0
60644,2016.0,3.0,1.0,0.0,0.0,0.0,0.0,1.0,0.0,0.0,0.0,0.0,1.0,21323.0,4.689771608122684e-05,1.0,0.9937417640237304
60644,2017.0,1.0,0.0,0.0,0.0,0.0,0.0,0.0,0.0,0.0,0.0,0.0,0.0,20327.0,0.0,0.0,1.0
60644,2018.0,6.0,0.0,0.0,0.0,0.0,0.0,0.0,0.0,0.0,0.0,0.0,0.0,20868.0,0.0,0.0,1.0
60644,2021.0,3.0,0.0,0.0,0.0,0.0,0.0,0.0,0.0,0.0,0.0,0.0,0.0,22668.0,0.0,0.0,1.0
60644,2022.0,5.0,0.0,0.0,0.0,0.0,0.0,0.0,0.0,0.0,0.0,0.0,0.0,22739.0,0.0,0.0,1.0
60644,2023.0,1.0,11.0,0.0,0.0,0.0,1.0,9.0,0.0,1.0,0.0,0.0,11.0,22641.0,0.000485844264829292,11.0,0.9339353918920216
60645,2013.0,2.0,0.0,0.0,0.0,0.0,0.0,0.0,0.0,0.0,0.0,0.0,0.0,20659.0,0.0,0.0,1.0
60645,2015.0,2.0,0.0,0.0,0.0,0.0,0.0,0.0,0.0,0.0,0.0,0.0,0.0,19541.0,0.0,0.0,1.0
60645,2016.0,1.0,0.0,0.0,0.0,0.0,0.0,0.0,0.0,0.0,0.0,0.0,0.0,20700.0,0.0,0.0,1.0
60645,2017.0,1.0,0.0,0.0,0.0,0.0,0.0,0.0,0.0,0.0,0.0,0.0,0.0,19991.0,0.0,0.0,1.0
60645,2018.0,1.0,0.0,0.0,0.0,0.0,0.0,0.0,0.0,0.0,0.0,0.0,0.0,20050.0,0.0,0.0,1.0
60645,2019.0,1.0,0.0,0.0,0.0,0.0,0.0,0.0,0.0,0.0,0.0,0.0,0.0,21109.0,0.0,0.0,1.0
60645,2020.0,3.0,0.0,0.0,0.0,0.0,0.0,0.0,0.0,0.0,0.0,0.0,0.0,21607.0,0.0,0.0,1.0
60645,2021.0,5.0,1.0,0.0,1.0,0.0,0.0,0.0,0.0,0.0,0.0,0.0,1.0,21042.0,4.7523999619808e-05,1.0,0.9936838712524184
60645,2022.0,3.0,2.0,0.0,0.0,0.0,1.0,1.0,0.0,0.0,0.0,0.0,2.0,22050.0,9.070294784580499e-05,2.0,0.9877693929573629
60645,2023.0,6.0,20.0,0.0,5.0,2.0,0.0,11.0,1.0,1.0,0.0,0.0,20.0,22361.0,0.0008944143821832655,20.0,0.8788600513678716
60646,2013.0,1.0,0.0,0.0,0.0,0.0,0.0,0.0,0.0,0.0,0.0,0.0,0.0,19135.0,0.0,0.0,1.0
60646,2014.0,1.0,0.0,0.0,0.0,0.0,0.0,0.0,0.0,0.0,0.0,0.0,0.0,21186.0,0.0,0.0,1.0
60646,2015.0,2.0,0.0,0.0,0.0,0.0,0.0,0.0,0.0,0.0,0.0,0.0,0.0,20339.0,0.0,0.0,1.0
60646,2016.0,3.0,0.0,0.0,0.0,0.0,0.0,0.0,0.0,0.0,0.0,0.0,0.0,20092.0,0.0,0.0,1.0
60646,2017.0,2.0,0.0,0.0,0.0,0.0,0.0,0.0,0.0,0.0,0.0,0.0,0.0,20477.0,0.0,0.0,1.0
60646,2018.0,1.0,0.0,0.0,0.0,0.0,0.0,0.0,0.0,0.0,0.0,0.0,0.0,21570.0,0.0,0.0,1.0
60646,2020.0,1.0,0.0,0.0,0.0,0.0,0.0,0.0,0.0,0.0,0.0,0.0,0.0,20704.0,0.0,0.0,1.0
60646,2021.0,3.0,0.0,0.0,0.0,0.0,0.0,0.0,0.0,0.0,0.0,0.0,0.0,22022.0,0.0,0.0,1.0
60646,2022.0,16.0,1.0,0.0,0.0,0.0,0.0,1.0,0.0,0.0,0.0,0.0,1.0,20847.0,4.796853264258646e-05,1.0,0.9936427792436987
60646,2023.0,16.0,11.0,0.0,0.0,3.0,1.0,6.0,1.0,0.0,0.0,0.0,11.0,21545.0,0.000510559294499884,11.0,0.931650769237033
60647,2013.0,7.0,0.0,0.0,0.0,0.0,0.0,0.0,0.0,0.0,0.0,0.0,0.0,19083.0,0.0,0.0,1.0
60647,2014.0,9.0,0.0,0.0,0.0,0.0,0.0,0.0,0.0,0.0,0.0,0.0,0.0,21188.0,0.0,0.0,1.0
60647,2015.0,7.0,0.0,0.0,0.0,0.0,0.0,0.0,0.0,0.0,0.0,0.0,0.0,20916.0,0.0,0.0,1.0
60647,2016.0,11.0,0.0,0.0,0.0,0.0,0.0,0.0,0.0,0.0,0.0,0.0,0.0,21178.0,0.0,0.0,1.0
60647,2017.0,5.0,0.0,0.0,0.0,0.0,0.0,0.0,0.0,0.0,0.0,0.0,0.0,20018.0,0.0,0.0,1.0
60647,2018.0,13.0,0.0,0.0,0.0,0.0,0.0,0.0,0.0,0.0,0.0,0.0,0.0,21510.0,0.0,0.0,1.0
60647,2019.0,17.0,1.0,0.0,0.0,1.0,0.0,0.0,0.0,0.0,0.0,0.0,1.0,22204.0,4.503693028283192e-05,1.0,0.9939137724513049
60647,2020.0,13.0,1.0,0.0,0.0,1.0,0.0,0.0,0.0,0.0,0.0,0.0,1.0,22308.0,4.482696790389098e-05,1.0,0.99393318107893
60647,2021.0,8.0,2.0,0.0,0.0,2.0,0.0,0.0,0.0,0.0,0.0,0.0,2.0,22090.0,9.053870529651426e-05,2.0,0.9877845753081035
60647,2022.0,23.0,5.0,0.0,1.0,2.0,0.0,2.0,0.0,0.0,0.0,0.0,5.0,22502.0,0.00022220247089147632,5.0,0.9698445308385244
60649,2016.0,1.0,0.0,0.0,0.0,0.0,0.0,0.0,0.0,0.0,0.0,0.0,0.0,21588.0,0.0,0.0,1.0
60649,2017.0,2.0,0.0,0.0,0.0,0.0,0.0,0.0,0.0,0.0,0.0,0.0,0.0,21086.0,0.0,0.0,1.0
60649,2019.0,1.0,0.0,0.0,0.0,0.0,0.0,0.0,0.0,0.0,0.0,0.0,0.0,21428.0,0.0,0.0,1.0
60649,2020.0,2.0,0.0,0.0,0.0,0.0,0.0,0.0,0.0,0.0,0.0,0.0,0.0,20473.0,0.0,0.0,1.0
60649,2021.0,8.0,0.0,0.0,0.0,0.0,0.0,0.0,0.0,0.0,0.0,0.0,0.0,21346.0,0.0,0.0,1.0
60649,2022.0,9.0,7.0,0.0,0.0,1.0,0.0,5.0,1.0,0.0,0.0,0.0,7.0,22190.0,0.0003154574132492114,7.0,0.9573780210049511
60649,2023.0,5.0,15.0,0.0,2.0,2.0,0.0,9.0,0.0,2.0,0.0,3.0,18.0,22578.0,0.0006643635397289397,18.0,0.9039717822121279
60651,2013.0,2.0,0.0,0.0,0.0,0.0,0.0,0.0,0.0,0.0,0.0,0.0,0.0,19796.0,0.0,0.0,1.0
60651,2015.0,2.0,0.0,0.0,0.0,0.0,0.0,0.0,0.0,0.0,0.0,0.0,0.0,20169.0,0.0,0.0,1.0
60651,2017.0,2.0,0.0,0.0,0.0,0.0,0.0,0.0,0.0,0.0,0.0,0.0,0.0,20353.0,0.0,0.0,1.0
60651,2018.0,1.0,0.0,0.0,0.0,0.0,0.0,0.0,0.0,0.0,0.0,0.0,0.0,20207.0,0.0,0.0,1.0
60651,2019.0,3.0,0.0,0.0,0.0,0.0,0.0,0.0,0.0,0.0,0.0,0.0,0.0,22045.0,0.0,0.0,1.0
60651,2021.0,2.0,0.0,0.0,0.0,0.0,0.0,0.0,0.0,0.0,0.0,0.0,0.0,21270.0,0.0,0.0,1.0
60651,2022.0,6.0,1.0,0.0,0.0,1.0,0.0,0.0,0.0,0.0,0.0,0.0,1.0,22653.0,4.414426345296429e-05,1.0,0.993996289320192
60651,2023.0,8.0,44.0,0.0,3.0,14.0,2.0,25.0,0.0,1.0,0.0,4.0,49.0,22940.0,0.0019180470793374019,49.0,0.7284676507511821
60652,2014.0,2.0,0.0,0.0,0.0,0.0,0.0,0.0,0.0,0.0,0.0,0.0,0.0,19470.0,0.0,0.0,1.0
60652,2015.0,1.0,0.0,0.0,0.0,0.0,0.0,0.0,0.0,0.0,0.0,0.0,0.0,20510.0,0.0,0.0,1.0
60652,2016.0,4.0,0.0,0.0,0.0,0.0,0.0,0.0,0.0,0.0,0.0,0.0,0.0,20706.0,0.0,0.0,1.0
60652,2017.0,1.0,0.0,0.0,0.0,0.0,0.0,0.0,0.0,0.0,0.0,0.0,0.0,20403.0,0.0,0.0,1.0
60652,2020.0,1.0,0.0,0.0,0.0,0.0,0.0,0.0,0.0,0.0,0.0,0.0,0.0,21292.0,0.0,0.0,1.0
60652,2021.0,3.0,0.0,0.0,0.0,0.0,0.0,0.0,0.0,0.0,0.0,0.0,0.0,22416.0,0.0,0.0,1.0
60652,2022.0,5.0,4.0,0.0,0.0,3.0,0.0,1.0,0.0,0.0,0.0,1.0,5.0,21106.0,0.0001895195678953852,5.0,0.972865692520742
60652,2023.0,2.0,30.0,0.0,3.0,6.0,0.0,22.0,0.0,1.0,0.0,0.0,32.0,22903.0,0.0013098720691612452,32.0,0.8173788028052121
60653,2016.0,3.0,0.0,0.0,0.0,0.0,0.0,0.0,0.0,0.0,0.0,0.0,0.0,20878.0,0.0,0.0,1.0
60653,2017.0,2.0,0.0,0.0,0.0,0.0,0.0,0.0,0.0,0.0,0.0,0.0,0.0,20389.0,0.0,0.0,1.0
60653,2018.0,1.0,0.0,0.0,0.0,0.0,0.0,0.0,0.0,0.0,0.0,0.0,0.0,20304.0,0.0,0.0,1.0
60653,2019.0,2.0,0.0,0.0,0.0,0.0,0.0,0.0,0.0,0.0,0.0,0.0,0.0,21536.0,0.0,0.0,1.0
60653,2020.0,5.0,0.0,0.0,0.0,0.0,0.0,0.0,0.0,0.0,0.0,0.0,0.0,22133.0,0.0,0.0,1.0
60653,2021.0,1.0,0.0,0.0,0.0,0.0,0.0,0.0,0.0,0.0,0.0,0.0,0.0,20581.0,0.0,0.0,1.0
60653,2022.0,6.0,1.0,0.0,0.0,0.0,0.0,1.0,0.0,0.0,0.0,0.0,1.0,21967.0,4.552282969909409e-05,1.0,0.9938688565912296
60653,2023.0,7.0,25.0,0.0,3.0,5.0,0.0,16.0,1.0,0.0,0.0,3.0,28.0,21816.0,0.0011459479281261458,28.0,0.8402240280258345
60654,2013.0,10.0,0.0,0.0,0.0,0.0,0.0,0.0,0.0,0.0,0.0,0.0,0.0,20254.0,0.0,0.0,1.0
60654,2014.0,5.0,0.0,0.0,0.0,0.0,0.0,0.0,0.0,0.0,0.0,0.0,0.0,20165.0,0.0,0.0,1.0
60654,2015.0,5.0,0.0,0.0,0.0,0.0,0.0,0.0,0.0,0.0,0.0,0.0,0.0,19986.0,0.0,0.0,1.0
60654,2016.0,16.0,0.0,0.0,0.0,0.0,0.0,0.0,0.0,0.0,0.0,0.0,0.0,20475.0,0.0,0.0,1.0
60654,2017.0,11.0,0.0,0.0,0.0,0.0,0.0,0.0,0.0,0.0,0.0,0.0,0.0,21021.0,0.0,0.0,1.0
60654,2018.0,2.0,0.0,0.0,0.0,0.0,0.0,0.0,0.0,0.0,0.0,0.0,0.0,21491.0,0.0,0.0,1.0
60654,2019.0,10.0,1.0,0.0,0.0,0.0,1.0,0.0,0.0,0.0,0.0,0.0,1.0,20417.0,4.897879218298477e-05,1.0,0.9935493922696924
60654,2020.0,6.0,1.0,0.0,0.0,0.0,0.0,0.0,0.0,1.0,0.0,0.0,1.0,21012.0,4.759185227489054e-05,1.0,0.9936775990482143
60654,2021.0,6.0,1.0,0.0,0.0,0.0,1.0,0.0,0.0,0.0,0.0,0.0,1.0,21055.0,4.749465685110425e-05,1.0,0.9936865836567745
60654,2022.0,13.0,4.0,0.0,0.0,1.0,0.0,0.0,0.0,3.0,0.0,0.0,4.0,21547.0,0.0001856406924397828,4.0,0.975147327246899
60654,2023.0,17.0,22.0,0.0,2.0,1.0,3.0,8.0,1.0,7.0,0.0,2.0,24.0,22803.0,0.000964785335262904,24.0,0.8646627515391321
60655,2014.0,1.0,0.0,0.0,0.0,0.0,0.0,0.0,0.0,0.0,0.0,0.0,0.0,20196.0,0.0,0.0,1.0
60655,2015.0,3.0,0.0,0.0,0.0,0.0,0.0,0.0,0.0,0.0,0.0,0.0,0.0,20009.0,0.0,0.0,1.0
60655,2016.0,2.0,0.0,0.0,0.0,0.0,0.0,0.0,0.0,0.0,0.0,0.0,0.0,20611.0,0.0,0.0,1.0
60655,2017.0,2.0,0.0,0.0,0.0,0.0,0.0,0.0,0.0,0.0,0.0,0.0,0.0,20494.0,0.0,0.0,1.0
60655,2018.0,3.0,0.0,0.0,0.0,0.0,0.0,0.0,0.0,0.0,0.0,0.0,0.0,21802.0,0.0,0.0,1.0
60655,2020.0,1.0,1.0,0.0,0.0,0.0,0.0,0.0,0.0,1.0,0.0,0.0,1.0,22218.0,4.500855162480871e-05,1.0,0.9939163957346228
60655,2021.0,2.0,0.0,0.0,0.0,0.0,0.0,0.0,0.0,0.0,0.0,0.0,0.0,21310.0,0.0,0.0,1.0
60655,2022.0,6.0,2.0,0.0,0.0,0.0,0.0,1.0,0.0,1.0,0.0,0.0,2.0,21134.0,9.463423866754992e-05,2.0,0.9874059899514019
60655,2023.0,3.0,8.0,0.0,0.0,3.0,0.0,5.0,0.0,0.0,0.0,0.0,8.0,22009.0,0.00036348766413739835,8.0,0.9510150951006486
60656,2014.0,1.0,0.0,0.0,0.0,0.0,0.0,0.0,0.0,0.0,0.0,0.0,0.0,21159.0,0.0,0.0,1.0
60656,2019.0,3.0,0.0,0.0,0.0,0.0,0.0,0.0,0.0,0.0,0.0,0.0,0.0,21232.0,0.0,0.0,1.0
60656,2020.0,1.0,0.0,0.0,0.0,0.0,0.0,0.0,0.0,0.0,0.0,0.0,0.0,20677.0,0.0,0.0,1.0
60656,2021.0,2.0,1.0,0.0,0.0,0.0,0.0,0.0,0.0,1.0,0.0,0.0,1.0,21166.0,4.72455825380327e-05,1.0,0.9937096077366968
60656,2022.0,0.0,1.0,0.0,0.0,0.0,0.0,1.0,0.0,0.0,0.0,0.0,1.0,21870.0,4.5724737082761774e-05,1.0,0.9938501925560622
60656,2023.0,5.0,12.0,0.0,2.0,1.0,0.0,6.0,2.0,1.0,0.0,1.0,13.0,22694.0,0.0005287741253194677,13.0,0.9261208619945916
60657,2013.0,1.0,0.0,0.0,0.0,0.0,0.0,0.0,0.0,0.0,0.0,0.0,0.0,20959.0,0.0,0.0,1.0
60657,2014.0,1.0,0.0,0.0,0.0,0.0,0.0,0.0,0.0,0.0,0.0,0.0,0.0,20655.0,0.0,0.0,1.0
60657,2015.0,1.0,0.0,0.0,0.0,0.0,0.0,0.0,0.0,0.0,0.0,0.0,0.0,20348.0,0.0,0.0,1.0
60657,2016.0,3.0,0.0,0.0,0.0,0.0,0.0,0.0,0.0,0.0,0.0,0.0,0.0,21168.0,0.0,0.0,1.0
60657,2017.0,6.0,0.0,0.0,0.0,0.0,0.0,0.0,0.0,0.0,0.0,0.0,0.0,20973.0,0.0,0.0,1.0
60657,2018.0,5.0,0.0,0.0,0.0,0.0,0.0,0.0,0.0,0.0,0.0,0.0,0.0,21251.0,0.0,0.0,1.0
60657,2019.0,5.0,0.0,0.0,0.0,0.0,0.0,0.0,0.0,0.0,0.0,0.0,0.0,21583.0,0.0,0.0,1.0
60657,2020.0,10.0,0.0,0.0,0.0,0.0,0.0,0.0,0.0,0.0,0.0,0.0,0.0,20565.0,0.0,0.0,1.0
60657,2021.0,9.0,3.0,0.0,0.0,1.0,0.0,0.0,1.0,1.0,0.0,0.0,3.0,20847.0,0.0001439055979277594,3.0,0.9809283377310962
60657,2022.0,16.0,2.0,0.0,0.0,0.0,1.0,1.0,0.0,0.0,0.0,0.0,2.0,22399.0,8.928970043305504e-05,2.0,0.9879000315646923
60657,2023.0,18.0,37.0,0.0,5.0,11.0,1.0,9.0,0.0,12.0,0.0,1.0,39.0,22518.0,0.001643129940492051,39.0,0.7731113744481997
60659,2015.0,3.0,0.0,0.0,0.0,0.0,0.0,0.0,0.0,0.0,0.0,0.0,0.0,21240.0,0.0,0.0,1.0
60659,2017.0,2.0,0.0,0.0,0.0,0.0,0.0,0.0,0.0,0.0,0.0,0.0,0.0,21202.0,0.0,0.0,1.0
60659,2018.0,1.0,0.0,0.0,0.0,0.0,0.0,0.0,0.0,0.0,0.0,0.0,0.0,20467.0,0.0,0.0,1.0
60659,2019.0,2.0,0.0,0.0,0.0,0.0,0.0,0.0,0.0,0.0,0.0,0.0,0.0,22202.0,0.0,0.0,1.0
60659,2021.0,3.0,2.0,0.0,0.0,0.0,1.0,1.0,0.0,0.0,0.0,0.0,2.0,21273.0,9.40158886851878e-05,2.0,0.9874631493559118
60659,2022.0,2.0,0.0,0.0,0.0,0.0,0.0,0.0,0.0,0.0,0.0,0.0,0.0,21306.0,0.0,0.0,1.0
60659,2023.0,5.0,29.0,0.0,3.0,13.0,4.0,9.0,1.0,0.0,0.0,2.0,32.0,21735.0,0.0013342535081665517,32.0,0.8151250168031251
60660,2013.0,2.0,0.0,0.0,0.0,0.0,0.0,0.0,0.0,0.0,0.0,0.0,0.0,20909.0,0.0,0.0,1.0
60660,2014.0,1.0,0.0,0.0,0.0,0.0,0.0,0.0,0.0,0.0,0.0,0.0,0.0,19771.0,0.0,0.0,1.0
60660,2016.0,2.0,0.0,0.0,0.0,0.0,0.0,0.0,0.0,0.0,0.0,0.0,0.0,19986.0,0.0,0.0,1.0
60660,2017.0,1.0,0.0,0.0,0.0,0.0,0.0,0.0,0.0,0.0,0.0,0.0,0.0,21208.0,0.0,0.0,1.0
60660,2018.0,2.0,0.0,0.0,0.0,0.0,0.0,0.0,0.0,0.0,0.0,0.0,0.0,21182.0,0.0,0.0,1.0
60660,2019.0,3.0,0.0,0.0,0.0,0.0,0.0,0.0,0.0,0.0,0.0,0.0,0.0,21265.0,0.0,0.0,1.0
60660,2020.0,1.0,1.0,0.0,0.0,1.0,0.0,0.0,0.0,0.0,0.0,0.0,1.0,21214.0,4.713868200245121e-05,1.0,0.9937194894721701
60660,2021.0,1.0,0.0,0.0,0.0,0.0,0.0,0.0,0.0,0.0,0.0,0.0,0.0,22184.0,0.0,0.0,1.0
60660,2022.0,1.0,1.0,0.0,0.0,1.0,0.0,0.0,0.0,0.0,0.0,0.0,1.0,22735.0,4.398504508467121e-05,1.0,0.9940110072426926
60660,2023.0,5.0,18.0,0.0,1.0,3.0,0.0,13.0,0.0,1.0,0.0,0.0,18.0,22832.0,0.0007883672039243168,18.0,0.8925090575341378
60661,2013.0,3.0,0.0,0.0,0.0,0.0,0.0,0.0,0.0,0.0,0.0,0.0,0.0,20927.0,0.0,0.0,1.0
60661,2014.0,9.0,0.0,0.0,0.0,0.0,0.0,0.0,0.0,0.0,0.0,0.0,0.0,21024.0,0.0,0.0,1.0
60661,2015.0,7.0,0.0,0.0,0.0,0.0,0.0,0.0,0.0,0.0,0.0,0.0,0.0,20471.0,0.0,0.0,1.0
60661,2016.0,2.0,0.0,0.0,0.0,0.0,0.0,0.0,0.0,0.0,0.0,0.0,0.0,21451.0,0.0,0.0,1.0
60661,2017.0,10.0,0.0,0.0,0.0,0.0,0.0,0.0,0.0,0.0,0.0,0.0,0.0,20125.0,0.0,0.0,1.0
60661,2018.0,7.0,0.0,0.0,0.0,0.0,0.0,0.0,0.0,0.0,0.0,0.0,0.0,20783.0,0.0,0.0,1.0
60661,2019.0,11.0,0.0,0.0,0.0,0.0,0.0,0.0,0.0,0.0,0.0,0.0,0.0,22179.0,0.0,0.0,1.0
60661,2020.0,5.0,0.0,0.0,0.0,0.0,0.0,0.0,0.0,0.0,0.0,0.0,0.0,20349.0,0.0,0.0,1.0
60661,2021.0,3.0,2.0,0.0,1.0,0.0,0.0,0.0,0.0,1.0,0.0,0.0,2.0,22643.0,8.832751843836947e-05,2.0,0.9879889743178503
60661,2022.0,8.0,0.0,0.0,0.0,0.0,0.0,0.0,0.0,0.0,0.0,0.0,0.0,21894.0,0.0,0.0,1.0
60661,2023.0,11.0,10.0,0.0,1.0,0.0,2.0,2.0,0.0,5.0,0.0,0.0,10.0,22772.0,0.00043913578078341823,10.0,0.9401761355245319
