zip_code,current_population,current_housing_units,pop_growth_rate,pop_volatility,housing_growth_rate,housing_acceleration,multifamily_ratio,recent_units,permit_momentum,income_growth,income_inequality,income_tier,employment_trend,employment_stability,retail_growth,is_focus_neighborhood,is_downtown,is_north_side,is_south_side,persons_per_unit,population_rate,population_lower,population_upper,population_std,income_rate,income_lower,income_upper,income_std,housing_rate,housing_lower,housing_upper,housing_std,population_year_1,population_year_1_lower,population_year_1_upper,housing_year_1,income_multiplier_year_1,population_year_2,population_year_2_lower,population_year_2_upper,housing_year_2,income_multiplier_year_2,population_year_3,population_year_3_lower,population_year_3_upper,housing_year_3,income_multiplier_year_3,population_year_4,population_year_4_lower,population_year_4_upper,housing_year_4,income_multiplier_year_4,population_year_5,population_year_5_lower,population_year_5_upper,housing_year_5,income_multiplier_year_5,population_year_6,population_year_6_lower,population_year_6_upper,housing_year_6,income_multiplier_year_6,population_year_7,population_year_7_lower,population_year_7_upper,housing_year_7,income_multiplier_year_7,population_year_8,population_year_8_lower,population_year_8_upper,housing_year_8,income_multiplier_year_8,population_year_9,population_year_9_lower,population_year_9_upper,housing_year_9,income_multiplier_year_9,population_year_10,population_year_10_lower,population_year_10_upper,housing_year_10,income_multiplier_year_10,neighborhood_name
60601,16292.0,10727.0,0,0,0,0,0,59.0,-0.9047619047619054,0,0,5,0.9,0.9,0,1,1,0,1,1.518784375873963,0.0,0.0,0.0,0.0,0.0,0.0,0.0,0.0,0.0,0.0,0.0,0.0,16292.0,16292.0,16292.0,10727.0,1.0,16292.0,16292.0,16292.0,10727.0,1.0,16292.0,16292.0,16292.0,10727.0,1.0,16292.0,16292.0,16292.0,10727.0,1.0,16292.0,16292.0,16292.0,10727.0,1.0,16292.0,16292.0,16292.0,10727.0,1.0,16292.0,16292.0,16292.0,10727.0,1.0,16292.0,16292.0,16292.0,10727.0,1.0,16292.0,16292.0,16292.0,10727.0,1.0,16292.0,16292.0,16292.0,10727.0,1.0,Loop
60602,1127.0,551.0,0,0,0,0,0,108.0,-1.2738095238095253,0,0,5,0.9,0.9,0,1,1,0,1,2.045372050816697,0.0,0.0,0.0,0.0,0.0,0.0,0.0,0.0,0.0,0.0,0.0,0.0,1127.0,1127.0,1127.0,551.0,1.0,1127.0,1127.0,1127.0,551.0,1.0,1127.0,1127.0,1127.0,551.0,1.0,1127.0,1127.0,1127.0,551.0,1.0,1127.0,1127.0,1127.0,551.0,1.0,1127.0,1127.0,1127.0,551.0,1.0,1127.0,1127.0,1127.0,551.0,1.0,1127.0,1127.0,1127.0,551.0,1.0,1127.0,1127.0,1127.0,551.0,1.0,1127.0,1127.0,1127.0,551.0,1.0,Loop
60603,1126.0,984.0,0,0,0,0,0,14.0,0.011904761904761547,0,0,5,0.9,0.9,0,1,1,0,1,1.1443089430894309,0.0,0.0,0.0,0.0,0.0,0.0,0.0,0.0,0.0,0.0,0.0,0.0,1126.0,1126.0,1126.0,984.0,1.0,1126.0,1126.0,1126.0,984.0,1.0,1126.0,1126.0,1126.0,984.0,1.0,1126.0,1126.0,1126.0,984.0,1.0,1126.0,1126.0,1126.0,984.0,1.0,1126.0,1126.0,1126.0,984.0,1.0,1126.0,1126.0,1126.0,984.0,1.0,1126.0,1126.0,1126.0,984.0,1.0,1126.0,1126.0,1126.0,984.0,1.0,1126.0,1126.0,1126.0,984.0,1.0,Loop
60604,653.0,510.0,0,0,0,0,0,12.0,0.5357142857142858,0,0,4,0.9,0.9,0,1,1,0,1,1.280392156862745,0.0,0.0,0.0,0.0,0.0,0.0,0.0,0.0,0.0,0.0,0.0,0.0,653.0,653.0,653.0,510.0,1.0,653.0,653.0,653.0,510.0,1.0,653.0,653.0,653.0,510.0,1.0,653.0,653.0,653.0,510.0,1.0,653.0,653.0,653.0,510.0,1.0,653.0,653.0,653.0,510.0,1.0,653.0,653.0,653.0,510.0,1.0,653.0,653.0,653.0,510.0,1.0,653.0,653.0,653.0,510.0,1.0,653.0,653.0,653.0,510.0,1.0,South Loop
60605,34256.0,20478.0,0,0,0,0,0,46.0,0.03571428571428596,0,0,5,0.9,0.9,0,1,1,0,1,1.672819611290165,0.0,0.0,0.0,0.0,0.0,0.0,0.0,0.0,0.0,0.0,0.0,0.0,34256.0,34256.0,34256.0,20478.0,1.0,34256.0,34256.0,34256.0,20478.0,1.0,34256.0,34256.0,34256.0,20478.0,1.0,34256.0,34256.0,34256.0,20478.0,1.0,34256.0,34256.0,34256.0,20478.0,1.0,34256.0,34256.0,34256.0,20478.0,1.0,34256.0,34256.0,34256.0,20478.0,1.0,34256.0,34256.0,34256.0,20478.0,1.0,34256.0,34256.0,34256.0,20478.0,1.0,34256.0,34256.0,34256.0,20478.0,1.0,South Loop
60606,3527.0,3032.0,0,0,0,0,0,82.0,1.4166666666666674,0,0,5,0.9,0.9,0,0,0,0,1,1.1632585751978892,0.0,0.0,0.0,0.0,0.0,0.0,0.0,0.0,0.0,0.0,0.0,0.0,3527.0,3527.0,3527.0,3032.0,1.0,3527.0,3527.0,3527.0,3032.0,1.0,3527.0,3527.0,3527.0,3032.0,1.0,3527.0,3527.0,3527.0,3032.0,1.0,3527.0,3527.0,3527.0,3032.0,1.0,3527.0,3527.0,3527.0,3032.0,1.0,3527.0,3527.0,3527.0,3032.0,1.0,3527.0,3527.0,3527.0,3032.0,1.0,3527.0,3527.0,3527.0,3032.0,1.0,3527.0,3527.0,3527.0,3032.0,1.0,
60607,30197.0,16540.0,0,0,0,0,0,183.0,0.6071428571428563,0,0,5,0.9,0.9,0,1,0,0,1,1.825695284159613,0.0,0.0,0.0,0.0,0.0,0.0,0.0,0.0,0.0,0.0,0.0,0.0,30197.0,30197.0,30197.0,16540.0,1.0,30197.0,30197.0,30197.0,16540.0,1.0,30197.0,30197.0,30197.0,16540.0,1.0,30197.0,30197.0,30197.0,16540.0,1.0,30197.0,30197.0,30197.0,16540.0,1.0,30197.0,30197.0,30197.0,16540.0,1.0,30197.0,30197.0,30197.0,16540.0,1.0,30197.0,30197.0,30197.0,16540.0,1.0,30197.0,30197.0,30197.0,16540.0,1.0,30197.0,30197.0,30197.0,16540.0,1.0,West Loop
60608,81459.0,32617.0,0,0,0,0,0,153.0,1.904761904761904,0,0,3,0.9,0.9,0,0,0,0,1,2.497439985283748,0.0,0.0,0.0,0.0,0.0,0.0,0.0,0.0,0.0,0.0,0.0,0.0,81459.0,81459.0,81459.0,32617.0,1.0,81459.0,81459.0,81459.0,32617.0,1.0,81459.0,81459.0,81459.0,32617.0,1.0,81459.0,81459.0,81459.0,32617.0,1.0,81459.0,81459.0,81459.0,32617.0,1.0,81459.0,81459.0,81459.0,32617.0,1.0,81459.0,81459.0,81459.0,32617.0,1.0,81459.0,81459.0,81459.0,32617.0,1.0,81459.0,81459.0,81459.0,32617.0,1.0,81459.0,81459.0,81459.0,32617.0,1.0,
60609,64268.0,26122.0,0,0,0,0,0,44.0,2.0595238095238093,0,0,3,0.9,0.9,0,0,0,0,1,2.460301661434806,0.0,0.0,0.0,0.0,0.0,0.0,0.0,0.0,0.0,0.0,0.0,0.0,64268.0,64268.0,64268.0,26122.0,1.0,64268.0,64268.0,64268.0,26122.0,1.0,64268.0,64268.0,64268.0,26122.0,1.0,64268.0,64268.0,64268.0,26122.0,1.0,64268.0,64268.0,64268.0,26122.0,1.0,64268.0,64268.0,64268.0,26122.0,1.0,64268.0,64268.0,64268.0,26122.0,1.0,64268.0,64268.0,64268.0,26122.0,1.0,64268.0,64268.0,64268.0,26122.0,1.0,64268.0,64268.0,64268.0,26122.0,1.0,
60610,45282.0,30091.0,0,0,0,0,0,124.0,2.0833333333333335,0,0,5,0.9,0.9,0,0,0,0,1,1.5048353328237678,0.0,0.0,0.0,0.0,0.0,0.0,0.0,0.0,0.0,0.0,0.0,0.0,45282.0,45282.0,45282.0,30091.0,1.0,45282.0,45282.0,45282.0,30091.0,1.0,45282.0,45282.0,45282.0,30091.0,1.0,45282.0,45282.0,45282.0,30091.0,1.0,45282.0,45282.0,45282.0,30091.0,1.0,45282.0,45282.0,45282.0,30091.0,1.0,45282.0,45282.0,45282.0,30091.0,1.0,45282.0,45282.0,45282.0,30091.0,1.0,45282.0,45282.0,45282.0,30091.0,1.0,45282.0,45282.0,45282.0,30091.0,1.0,
60611,36036.0,28239.0,0,0,0,0,0,81.0,3.5238095238095224,0,0,5,0.9,0.9,0,0,0,0,1,1.2761075108891957,0.0,0.0,0.0,0.0,0.0,0.0,0.0,0.0,0.0,0.0,0.0,0.0,36036.0,36036.0,36036.0,28239.0,1.0,36036.0,36036.0,36036.0,28239.0,1.0,36036.0,36036.0,36036.0,28239.0,1.0,36036.0,36036.0,36036.0,28239.0,1.0,36036.0,36036.0,36036.0,28239.0,1.0,36036.0,36036.0,36036.0,28239.0,1.0,36036.0,36036.0,36036.0,28239.0,1.0,36036.0,36036.0,36036.0,28239.0,1.0,36036.0,36036.0,36036.0,28239.0,1.0,36036.0,36036.0,36036.0,28239.0,1.0,
60612,34699.0,16763.0,0,0,0,0,0,67.0,-4.54761904761905,0,0,3,0.9,0.9,0,0,0,0,1,2.0699755413708765,0.0,0.0,0.0,0.0,0.0,0.0,0.0,0.0,0.0,0.0,0.0,0.0,34699.0,34699.0,34699.0,16763.0,1.0,34699.0,34699.0,34699.0,16763.0,1.0,34699.0,34699.0,34699.0,16763.0,1.0,34699.0,34699.0,34699.0,16763.0,1.0,34699.0,34699.0,34699.0,16763.0,1.0,34699.0,34699.0,34699.0,16763.0,1.0,34699.0,34699.0,34699.0,16763.0,1.0,34699.0,34699.0,34699.0,16763.0,1.0,34699.0,34699.0,34699.0,16763.0,1.0,34699.0,34699.0,34699.0,16763.0,1.0,
60613,51334.0,31263.0,0,0,0,0,0,995.0,1.9761904761904758,0,0,4,0.9,0.9,0,0,0,0,1,1.6420049259508045,0.0,0.0,0.0,0.0,0.0,0.0,0.0,0.0,0.0,0.0,0.0,0.0,51334.0,51334.0,51334.0,31263.0,1.0,51334.0,51334.0,51334.0,31263.0,1.0,51334.0,51334.0,51334.0,31263.0,1.0,51334.0,51334.0,51334.0,31263.0,1.0,51334.0,51334.0,51334.0,31263.0,1.0,51334.0,51334.0,51334.0,31263.0,1.0,51334.0,51334.0,51334.0,31263.0,1.0,51334.0,51334.0,51334.0,31263.0,1.0,51334.0,51334.0,51334.0,31263.0,1.0,51334.0,51334.0,51334.0,31263.0,1.0,
60614,70444.0,38089.0,0,0,0,0,0,144.0,3.0476190476190466,0,0,5,0.9,0.9,0,0,0,0,1,1.8494578487227284,0.0,0.0,0.0,0.0,0.0,0.0,0.0,0.0,0.0,0.0,0.0,0.0,70444.0,70444.0,70444.0,38089.0,1.0,70444.0,70444.0,70444.0,38089.0,1.0,70444.0,70444.0,70444.0,38089.0,1.0,70444.0,70444.0,70444.0,38089.0,1.0,70444.0,70444.0,70444.0,38089.0,1.0,70444.0,70444.0,70444.0,38089.0,1.0,70444.0,70444.0,70444.0,38089.0,1.0,70444.0,70444.0,70444.0,38089.0,1.0,70444.0,70444.0,70444.0,38089.0,1.0,70444.0,70444.0,70444.0,38089.0,1.0,
60615,42752.0,24997.0,0,0,0,0,0,34.0,0.30952380952380826,0,0,3,0.9,0.9,0,1,0,0,0,1.7102852342281074,0.0,0.0,0.0,0.0,0.0,0.0,0.0,0.0,0.0,0.0,0.0,0.0,42752.0,42752.0,42752.0,24997.0,1.0,42752.0,42752.0,42752.0,24997.0,1.0,42752.0,42752.0,42752.0,24997.0,1.0,42752.0,42752.0,42752.0,24997.0,1.0,42752.0,42752.0,42752.0,24997.0,1.0,42752.0,42752.0,42752.0,24997.0,1.0,42752.0,42752.0,42752.0,24997.0,1.0,42752.0,42752.0,42752.0,24997.0,1.0,42752.0,42752.0,42752.0,24997.0,1.0,42752.0,42752.0,42752.0,24997.0,1.0,Bronzeville
60616,54456.0,26912.0,0,0,0,0,0,49.0,0.6190476190476178,0,0,4,0.9,0.9,0,0,0,0,0,2.0234839476813318,0.0,0.0,0.0,0.0,0.0,0.0,0.0,0.0,0.0,0.0,0.0,0.0,54456.0,54456.0,54456.0,26912.0,1.0,54456.0,54456.0,54456.0,26912.0,1.0,54456.0,54456.0,54456.0,26912.0,1.0,54456.0,54456.0,54456.0,26912.0,1.0,54456.0,54456.0,54456.0,26912.0,1.0,54456.0,54456.0,54456.0,26912.0,1.0,54456.0,54456.0,54456.0,26912.0,1.0,54456.0,54456.0,54456.0,26912.0,1.0,54456.0,54456.0,54456.0,26912.0,1.0,54456.0,54456.0,54456.0,26912.0,1.0,
60617,79284.0,35031.0,0,0,0,0,0,75.0,2.8571428571428563,0,0,3,0.9,0.9,0,0,0,0,0,2.263252547743427,0.0,0.0,0.0,0.0,0.0,0.0,0.0,0.0,0.0,0.0,0.0,0.0,79284.0,79284.0,79284.0,35031.0,1.0,79284.0,79284.0,79284.0,35031.0,1.0,79284.0,79284.0,79284.0,35031.0,1.0,79284.0,79284.0,79284.0,35031.0,1.0,79284.0,79284.0,79284.0,35031.0,1.0,79284.0,79284.0,79284.0,35031.0,1.0,79284.0,79284.0,79284.0,35031.0,1.0,79284.0,79284.0,79284.0,35031.0,1.0,79284.0,79284.0,79284.0,35031.0,1.0,79284.0,79284.0,79284.0,35031.0,1.0,
60618,91896.0,41053.0,0,0,0,0,0,73.0,1.6190476190476177,0,0,5,0.9,0.9,0,0,0,0,0,2.238472218839062,0.0,0.0,0.0,0.0,0.0,0.0,0.0,0.0,0.0,0.0,0.0,0.0,91896.0,91896.0,91896.0,41053.0,1.0,91896.0,91896.0,91896.0,41053.0,1.0,91896.0,91896.0,91896.0,41053.0,1.0,91896.0,91896.0,91896.0,41053.0,1.0,91896.0,91896.0,91896.0,41053.0,1.0,91896.0,91896.0,91896.0,41053.0,1.0,91896.0,91896.0,91896.0,41053.0,1.0,91896.0,91896.0,91896.0,41053.0,1.0,91896.0,91896.0,91896.0,41053.0,1.0,91896.0,91896.0,91896.0,41053.0,1.0,
60619,59892.0,33547.0,0,0,0,0,0,44.0,-0.5952380952380966,0,0,2,0.9,0.9,0,0,0,0,0,1.78531612364742,0.0,0.0,0.0,0.0,0.0,0.0,0.0,0.0,0.0,0.0,0.0,0.0,59892.0,59892.0,59892.0,33547.0,1.0,59892.0,59892.0,59892.0,33547.0,1.0,59892.0,59892.0,59892.0,33547.0,1.0,59892.0,59892.0,59892.0,33547.0,1.0,59892.0,59892.0,59892.0,33547.0,1.0,59892.0,59892.0,59892.0,33547.0,1.0,59892.0,59892.0,59892.0,33547.0,1.0,59892.0,59892.0,59892.0,33547.0,1.0,59892.0,59892.0,59892.0,33547.0,1.0,59892.0,59892.0,59892.0,33547.0,1.0,
60620,66511.0,30008.0,0,0,0,0,0,67.0,2.821428571428571,0,0,2,0.9,0.9,0,0,0,0,0,2.216442282058118,0.0,0.0,0.0,0.0,0.0,0.0,0.0,0.0,0.0,0.0,0.0,0.0,66511.0,66511.0,66511.0,30008.0,1.0,66511.0,66511.0,66511.0,30008.0,1.0,66511.0,66511.0,66511.0,30008.0,1.0,66511.0,66511.0,66511.0,30008.0,1.0,66511.0,66511.0,66511.0,30008.0,1.0,66511.0,66511.0,66511.0,30008.0,1.0,66511.0,66511.0,66511.0,30008.0,1.0,66511.0,66511.0,66511.0,30008.0,1.0,66511.0,66511.0,66511.0,30008.0,1.0,66511.0,66511.0,66511.0,30008.0,1.0,
60621,27318.0,15348.0,0,0,0,0,0,16.0,0.6071428571428569,0,0,2,0.9,0.9,0,0,0,0,0,1.7799061767005473,0.0,0.0,0.0,0.0,0.0,0.0,0.0,0.0,0.0,0.0,0.0,0.0,27318.0,27318.0,27318.0,15348.0,1.0,27318.0,27318.0,27318.0,15348.0,1.0,27318.0,27318.0,27318.0,15348.0,1.0,27318.0,27318.0,27318.0,15348.0,1.0,27318.0,27318.0,27318.0,15348.0,1.0,27318.0,27318.0,27318.0,15348.0,1.0,27318.0,27318.0,27318.0,15348.0,1.0,27318.0,27318.0,27318.0,15348.0,1.0,27318.0,27318.0,27318.0,15348.0,1.0,27318.0,27318.0,27318.0,15348.0,1.0,
60622,53696.0,27630.0,0,0,0,0,0,144.0,1.7738095238095235,0,0,5,0.9,0.9,0,0,0,0,0,1.9433948606587044,0.0,0.0,0.0,0.0,0.0,0.0,0.0,0.0,0.0,0.0,0.0,0.0,53696.0,53696.0,53696.0,27630.0,1.0,53696.0,53696.0,53696.0,27630.0,1.0,53696.0,53696.0,53696.0,27630.0,1.0,53696.0,53696.0,53696.0,27630.0,1.0,53696.0,53696.0,53696.0,27630.0,1.0,53696.0,53696.0,53696.0,27630.0,1.0,53696.0,53696.0,53696.0,27630.0,1.0,53696.0,53696.0,53696.0,27630.0,1.0,53696.0,53696.0,53696.0,27630.0,1.0,53696.0,53696.0,53696.0,27630.0,1.0,
60623,77061.0,31300.0,0,0,0,0,0,46.0,0.8333333333333334,0,0,2,0.9,0.9,0,0,0,0,0,2.462012779552716,0.0,0.0,0.0,0.0,0.0,0.0,0.0,0.0,0.0,0.0,0.0,0.0,77061.0,77061.0,77061.0,31300.0,1.0,77061.0,77061.0,77061.0,31300.0,1.0,77061.0,77061.0,77061.0,31300.0,1.0,77061.0,77061.0,77061.0,31300.0,1.0,77061.0,77061.0,77061.0,31300.0,1.0,77061.0,77061.0,77061.0,31300.0,1.0,77061.0,77061.0,77061.0,31300.0,1.0,77061.0,77061.0,77061.0,31300.0,1.0,77061.0,77061.0,77061.0,31300.0,1.0,77061.0,77061.0,77061.0,31300.0,1.0,
60624,35711.0,16250.0,0,0,0,0,0,18.0,0.3571428571428569,0,0,2,0.9,0.9,0,0,0,0,0,2.1976,0.0,0.0,0.0,0.0,0.0,0.0,0.0,0.0,0.0,0.0,0.0,0.0,35711.0,35711.0,35711.0,16250.0,1.0,35711.0,35711.0,35711.0,16250.0,1.0,35711.0,35711.0,35711.0,16250.0,1.0,35711.0,35711.0,35711.0,16250.0,1.0,35711.0,35711.0,35711.0,16250.0,1.0,35711.0,35711.0,35711.0,16250.0,1.0,35711.0,35711.0,35711.0,16250.0,1.0,35711.0,35711.0,35711.0,16250.0,1.0,35711.0,35711.0,35711.0,16250.0,1.0,35711.0,35711.0,35711.0,16250.0,1.0,
60625,78467.0,33932.0,0,0,0,0,0,46.0,0.7261904761904759,0,0,4,0.9,0.9,0,0,0,0,0,2.3124778969704116,0.0,0.0,0.0,0.0,0.0,0.0,0.0,0.0,0.0,0.0,0.0,0.0,78467.0,78467.0,78467.0,33932.0,1.0,78467.0,78467.0,78467.0,33932.0,1.0,78467.0,78467.0,78467.0,33932.0,1.0,78467.0,78467.0,78467.0,33932.0,1.0,78467.0,78467.0,78467.0,33932.0,1.0,78467.0,78467.0,78467.0,33932.0,1.0,78467.0,78467.0,78467.0,33932.0,1.0,78467.0,78467.0,78467.0,33932.0,1.0,78467.0,78467.0,78467.0,33932.0,1.0,78467.0,78467.0,78467.0,33932.0,1.0,
60626,50027.0,26812.0,0,0,0,0,0,18.0,-0.13095238095238182,0,0,3,0.9,0.9,0,0,0,0,0,1.8658436520960764,0.0,0.0,0.0,0.0,0.0,0.0,0.0,0.0,0.0,0.0,0.0,0.0,50027.0,50027.0,50027.0,26812.0,1.0,50027.0,50027.0,50027.0,26812.0,1.0,50027.0,50027.0,50027.0,26812.0,1.0,50027.0,50027.0,50027.0,26812.0,1.0,50027.0,50027.0,50027.0,26812.0,1.0,50027.0,50027.0,50027.0,26812.0,1.0,50027.0,50027.0,50027.0,26812.0,1.0,50027.0,50027.0,50027.0,26812.0,1.0,50027.0,50027.0,50027.0,26812.0,1.0,50027.0,50027.0,50027.0,26812.0,1.0,
60628,59212.0,28736.0,0,0,0,0,0,54.0,1.4166666666666654,0,0,2,0.9,0.9,0,0,0,0,0,2.0605512249443207,0.0,0.0,0.0,0.0,0.0,0.0,0.0,0.0,0.0,0.0,0.0,0.0,59212.0,59212.0,59212.0,28736.0,1.0,59212.0,59212.0,59212.0,28736.0,1.0,59212.0,59212.0,59212.0,28736.0,1.0,59212.0,59212.0,59212.0,28736.0,1.0,59212.0,59212.0,59212.0,28736.0,1.0,59212.0,59212.0,59212.0,28736.0,1.0,59212.0,59212.0,59212.0,28736.0,1.0,59212.0,59212.0,59212.0,28736.0,1.0,59212.0,59212.0,59212.0,28736.0,1.0,59212.0,59212.0,59212.0,28736.0,1.0,
60629,109292.0,36283.0,0,0,0,0,0,59.0,2.321428571428571,0,0,3,0.9,0.9,0,0,0,0,0,3.012209574731968,0.0,0.0,0.0,0.0,0.0,0.0,0.0,0.0,0.0,0.0,0.0,0.0,109292.0,109292.0,109292.0,36283.0,1.0,109292.0,109292.0,109292.0,36283.0,1.0,109292.0,109292.0,109292.0,36283.0,1.0,109292.0,109292.0,109292.0,36283.0,1.0,109292.0,109292.0,109292.0,36283.0,1.0,109292.0,109292.0,109292.0,36283.0,1.0,109292.0,109292.0,109292.0,36283.0,1.0,109292.0,109292.0,109292.0,36283.0,1.0,109292.0,109292.0,109292.0,36283.0,1.0,109292.0,109292.0,109292.0,36283.0,1.0,
60630,54242.0,23393.0,0,0,0,0,0,68.0,-0.07142857142857237,0,0,4,0.9,0.9,0,0,0,0,0,2.3187278245629033,0.0,0.0,0.0,0.0,0.0,0.0,0.0,0.0,0.0,0.0,0.0,0.0,54242.0,54242.0,54242.0,23393.0,1.0,54242.0,54242.0,54242.0,23393.0,1.0,54242.0,54242.0,54242.0,23393.0,1.0,54242.0,54242.0,54242.0,23393.0,1.0,54242.0,54242.0,54242.0,23393.0,1.0,54242.0,54242.0,54242.0,23393.0,1.0,54242.0,54242.0,54242.0,23393.0,1.0,54242.0,54242.0,54242.0,23393.0,1.0,54242.0,54242.0,54242.0,23393.0,1.0,54242.0,54242.0,54242.0,23393.0,1.0,
60631,30308.0,12757.0,0,0,0,0,0,30.0,-0.3690476190476188,0,0,5,0.9,0.9,0,0,0,1,0,2.375793681900133,0.0,0.0,0.0,0.0,0.0,0.0,0.0,0.0,0.0,0.0,0.0,0.0,30308.0,30308.0,30308.0,12757.0,1.0,30308.0,30308.0,30308.0,12757.0,1.0,30308.0,30308.0,30308.0,12757.0,1.0,30308.0,30308.0,30308.0,12757.0,1.0,30308.0,30308.0,30308.0,12757.0,1.0,30308.0,30308.0,30308.0,12757.0,1.0,30308.0,30308.0,30308.0,12757.0,1.0,30308.0,30308.0,30308.0,12757.0,1.0,30308.0,30308.0,30308.0,12757.0,1.0,30308.0,30308.0,30308.0,12757.0,1.0,
60632,87831.0,28860.0,0,0,0,0,0,26.0,0.857142857142857,0,0,3,0.9,0.9,0,0,0,1,0,3.043347193347193,0.0,0.0,0.0,0.0,0.0,0.0,0.0,0.0,0.0,0.0,0.0,0.0,87831.0,87831.0,87831.0,28860.0,1.0,87831.0,87831.0,87831.0,28860.0,1.0,87831.0,87831.0,87831.0,28860.0,1.0,87831.0,87831.0,87831.0,28860.0,1.0,87831.0,87831.0,87831.0,28860.0,1.0,87831.0,87831.0,87831.0,28860.0,1.0,87831.0,87831.0,87831.0,28860.0,1.0,87831.0,87831.0,87831.0,28860.0,1.0,87831.0,87831.0,87831.0,28860.0,1.0,87831.0,87831.0,87831.0,28860.0,1.0,
60633,12485.0,5713.0,0,0,0,0,0,9.0,0.29761904761904756,0,0,3,0.9,0.9,0,0,0,1,0,2.1853667075091896,0.0,0.0,0.0,0.0,0.0,0.0,0.0,0.0,0.0,0.0,0.0,0.0,12485.0,12485.0,12485.0,5713.0,1.0,12485.0,12485.0,12485.0,5713.0,1.0,12485.0,12485.0,12485.0,5713.0,1.0,12485.0,12485.0,12485.0,5713.0,1.0,12485.0,12485.0,12485.0,5713.0,1.0,12485.0,12485.0,12485.0,5713.0,1.0,12485.0,12485.0,12485.0,5713.0,1.0,12485.0,12485.0,12485.0,5713.0,1.0,12485.0,12485.0,12485.0,5713.0,1.0,12485.0,12485.0,12485.0,5713.0,1.0,
60634,74418.0,29344.0,0,0,0,0,0,77.0,1.7619047619047605,0,0,4,0.9,0.9,0,0,0,1,0,2.536055070883315,0.0,0.0,0.0,0.0,0.0,0.0,0.0,0.0,0.0,0.0,0.0,0.0,74418.0,74418.0,74418.0,29344.0,1.0,74418.0,74418.0,74418.0,29344.0,1.0,74418.0,74418.0,74418.0,29344.0,1.0,74418.0,74418.0,74418.0,29344.0,1.0,74418.0,74418.0,74418.0,29344.0,1.0,74418.0,74418.0,74418.0,29344.0,1.0,74418.0,74418.0,74418.0,29344.0,1.0,74418.0,74418.0,74418.0,29344.0,1.0,74418.0,74418.0,74418.0,29344.0,1.0,74418.0,74418.0,74418.0,29344.0,1.0,
60636,31007.0,14363.0,0,0,0,0,0,25.0,0.7380952380952378,0,0,2,0.9,0.9,0,0,0,1,0,2.1588108333913527,0.0,0.0,0.0,0.0,0.0,0.0,0.0,0.0,0.0,0.0,0.0,0.0,31007.0,31007.0,31007.0,14363.0,1.0,31007.0,31007.0,31007.0,14363.0,1.0,31007.0,31007.0,31007.0,14363.0,1.0,31007.0,31007.0,31007.0,14363.0,1.0,31007.0,31007.0,31007.0,14363.0,1.0,31007.0,31007.0,31007.0,14363.0,1.0,31007.0,31007.0,31007.0,14363.0,1.0,31007.0,31007.0,31007.0,14363.0,1.0,31007.0,31007.0,31007.0,14363.0,1.0,31007.0,31007.0,31007.0,14363.0,1.0,
60637,52418.0,26717.0,0,0,0,0,0,39.0,1.69047619047619,0,0,2,0.9,0.9,0,1,0,1,0,1.9619717782685182,0.0,0.0,0.0,0.0,0.0,0.0,0.0,0.0,0.0,0.0,0.0,0.0,52418.0,52418.0,52418.0,26717.0,1.0,52418.0,52418.0,52418.0,26717.0,1.0,52418.0,52418.0,52418.0,26717.0,1.0,52418.0,52418.0,52418.0,26717.0,1.0,52418.0,52418.0,52418.0,26717.0,1.0,52418.0,52418.0,52418.0,26717.0,1.0,52418.0,52418.0,52418.0,26717.0,1.0,52418.0,52418.0,52418.0,26717.0,1.0,52418.0,52418.0,52418.0,26717.0,1.0,52418.0,52418.0,52418.0,26717.0,1.0,Woodlawn
60638,58250.0,21636.0,0,0,0,0,0,44.0,1.9642857142857137,0,0,4,0.9,0.9,0,0,0,1,0,2.692272139027547,0.0,0.0,0.0,0.0,0.0,0.0,0.0,0.0,0.0,0.0,0.0,0.0,58250.0,58250.0,58250.0,21636.0,1.0,58250.0,58250.0,58250.0,21636.0,1.0,58250.0,58250.0,58250.0,21636.0,1.0,58250.0,58250.0,58250.0,21636.0,1.0,58250.0,58250.0,58250.0,21636.0,1.0,58250.0,58250.0,58250.0,21636.0,1.0,58250.0,58250.0,58250.0,21636.0,1.0,58250.0,58250.0,58250.0,21636.0,1.0,58250.0,58250.0,58250.0,21636.0,1.0,58250.0,58250.0,58250.0,21636.0,1.0,
60639,84505.0,28656.0,0,0,0,0,0,47.0,0.4404761904761896,0,0,3,0.9,0.9,0,0,0,1,0,2.9489461194863207,0.0,0.0,0.0,0.0,0.0,0.0,0.0,0.0,0.0,0.0,0.0,0.0,84505.0,84505.0,84505.0,28656.0,1.0,84505.0,84505.0,84505.0,28656.0,1.0,84505.0,84505.0,84505.0,28656.0,1.0,84505.0,84505.0,84505.0,28656.0,1.0,84505.0,84505.0,84505.0,28656.0,1.0,84505.0,84505.0,84505.0,28656.0,1.0,84505.0,84505.0,84505.0,28656.0,1.0,84505.0,84505.0,84505.0,28656.0,1.0,84505.0,84505.0,84505.0,28656.0,1.0,84505.0,84505.0,84505.0,28656.0,1.0,
60640,66884.0,40850.0,0,0,0,0,0,201.0,1.8214285714285707,0,0,3,0.9,0.9,0,0,0,1,0,1.6373072215422277,0.0,0.0,0.0,0.0,0.0,0.0,0.0,0.0,0.0,0.0,0.0,0.0,66884.0,66884.0,66884.0,40850.0,1.0,66884.0,66884.0,66884.0,40850.0,1.0,66884.0,66884.0,66884.0,40850.0,1.0,66884.0,66884.0,66884.0,40850.0,1.0,66884.0,66884.0,66884.0,40850.0,1.0,66884.0,66884.0,66884.0,40850.0,1.0,66884.0,66884.0,66884.0,40850.0,1.0,66884.0,66884.0,66884.0,40850.0,1.0,66884.0,66884.0,66884.0,40850.0,1.0,66884.0,66884.0,66884.0,40850.0,1.0,
60641,67400.0,27377.0,0,0,0,0,0,54.0,0.8571428571428564,0,0,4,0.9,0.9,0,0,0,1,0,2.4619205902765096,0.0,0.0,0.0,0.0,0.0,0.0,0.0,0.0,0.0,0.0,0.0,0.0,67400.0,67400.0,67400.0,27377.0,1.0,67400.0,67400.0,67400.0,27377.0,1.0,67400.0,67400.0,67400.0,27377.0,1.0,67400.0,67400.0,67400.0,27377.0,1.0,67400.0,67400.0,67400.0,27377.0,1.0,67400.0,67400.0,67400.0,27377.0,1.0,67400.0,67400.0,67400.0,27377.0,1.0,67400.0,67400.0,67400.0,27377.0,1.0,67400.0,67400.0,67400.0,27377.0,1.0,67400.0,67400.0,67400.0,27377.0,1.0,
60642,21124.0,12144.0,0,0,0,0,0,48.0,-0.6190476190476206,0,0,5,0.9,0.9,0,0,0,1,0,1.739459815546772,0.0,0.0,0.0,0.0,0.0,0.0,0.0,0.0,0.0,0.0,0.0,0.0,21124.0,21124.0,21124.0,12144.0,1.0,21124.0,21124.0,21124.0,12144.0,1.0,21124.0,21124.0,21124.0,12144.0,1.0,21124.0,21124.0,21124.0,12144.0,1.0,21124.0,21124.0,21124.0,12144.0,1.0,21124.0,21124.0,21124.0,12144.0,1.0,21124.0,21124.0,21124.0,12144.0,1.0,21124.0,21124.0,21124.0,12144.0,1.0,21124.0,21124.0,21124.0,12144.0,1.0,21124.0,21124.0,21124.0,12144.0,1.0,
60643,47802.0,19541.0,0,0,0,0,0,44.0,1.6547619047619042,0,0,4,0.9,0.9,0,0,0,1,0,2.4462412363748016,0.0,0.0,0.0,0.0,0.0,0.0,0.0,0.0,0.0,0.0,0.0,0.0,47802.0,47802.0,47802.0,19541.0,1.0,47802.0,47802.0,47802.0,19541.0,1.0,47802.0,47802.0,47802.0,19541.0,1.0,47802.0,47802.0,47802.0,19541.0,1.0,47802.0,47802.0,47802.0,19541.0,1.0,47802.0,47802.0,47802.0,19541.0,1.0,47802.0,47802.0,47802.0,19541.0,1.0,47802.0,47802.0,47802.0,19541.0,1.0,47802.0,47802.0,47802.0,19541.0,1.0,47802.0,47802.0,47802.0,19541.0,1.0,
60644,48317.0,20619.0,0,0,0,0,0,27.0,1.0357142857142856,0,0,2,0.9,0.9,0,0,0,1,0,2.3433241185314517,0.0,0.0,0.0,0.0,0.0,0.0,0.0,0.0,0.0,0.0,0.0,0.0,48317.0,48317.0,48317.0,20619.0,1.0,48317.0,48317.0,48317.0,20619.0,1.0,48317.0,48317.0,48317.0,20619.0,1.0,48317.0,48317.0,48317.0,20619.0,1.0,48317.0,48317.0,48317.0,20619.0,1.0,48317.0,48317.0,48317.0,20619.0,1.0,48317.0,48317.0,48317.0,20619.0,1.0,48317.0,48317.0,48317.0,20619.0,1.0,48317.0,48317.0,48317.0,20619.0,1.0,48317.0,48317.0,48317.0,20619.0,1.0,
60645,46856.0,18143.0,0,0,0,0,0,24.0,0.1666666666666662,0,0,4,0.9,0.9,0,0,0,1,0,2.5825938378437967,0.0,0.0,0.0,0.0,0.0,0.0,0.0,0.0,0.0,0.0,0.0,0.0,46856.0,46856.0,46856.0,18143.0,1.0,46856.0,46856.0,46856.0,18143.0,1.0,46856.0,46856.0,46856.0,18143.0,1.0,46856.0,46856.0,46856.0,18143.0,1.0,46856.0,46856.0,46856.0,18143.0,1.0,46856.0,46856.0,46856.0,18143.0,1.0,46856.0,46856.0,46856.0,18143.0,1.0,46856.0,46856.0,46856.0,18143.0,1.0,46856.0,46856.0,46856.0,18143.0,1.0,46856.0,46856.0,46856.0,18143.0,1.0,
60646,28499.0,11636.0,0,0,0,0,0,51.0,1.1666666666666665,0,0,5,0.9,0.9,0,0,0,1,0,2.4492093502921968,0.0,0.0,0.0,0.0,0.0,0.0,0.0,0.0,0.0,0.0,0.0,0.0,28499.0,28499.0,28499.0,11636.0,1.0,28499.0,28499.0,28499.0,11636.0,1.0,28499.0,28499.0,28499.0,11636.0,1.0,28499.0,28499.0,28499.0,11636.0,1.0,28499.0,28499.0,28499.0,11636.0,1.0,28499.0,28499.0,28499.0,11636.0,1.0,28499.0,28499.0,28499.0,11636.0,1.0,28499.0,28499.0,28499.0,11636.0,1.0,28499.0,28499.0,28499.0,11636.0,1.0,28499.0,28499.0,28499.0,11636.0,1.0,
60647,85589.0,41975.0,0,0,0,0,0,110.0,0.666666666666666,0,0,5,0.9,0.9,0,0,0,1,0,2.0390470518165573,0.0,0.0,0.0,0.0,0.0,0.0,0.0,0.0,0.0,0.0,0.0,0.0,85589.0,85589.0,85589.0,41975.0,1.0,85589.0,85589.0,85589.0,41975.0,1.0,85589.0,85589.0,85589.0,41975.0,1.0,85589.0,85589.0,85589.0,41975.0,1.0,85589.0,85589.0,85589.0,41975.0,1.0,85589.0,85589.0,85589.0,41975.0,1.0,85589.0,85589.0,85589.0,41975.0,1.0,85589.0,85589.0,85589.0,41975.0,1.0,85589.0,85589.0,85589.0,41975.0,1.0,85589.0,85589.0,85589.0,41975.0,1.0,
60649,48720.0,28249.0,0,0,0,0,0,33.0,1.3214285714285712,0,0,2,0.9,0.9,0,0,0,1,0,1.724662819922829,0.0,0.0,0.0,0.0,0.0,0.0,0.0,0.0,0.0,0.0,0.0,0.0,48720.0,48720.0,48720.0,28249.0,1.0,48720.0,48720.0,48720.0,28249.0,1.0,48720.0,48720.0,48720.0,28249.0,1.0,48720.0,48720.0,48720.0,28249.0,1.0,48720.0,48720.0,48720.0,28249.0,1.0,48720.0,48720.0,48720.0,28249.0,1.0,48720.0,48720.0,48720.0,28249.0,1.0,48720.0,48720.0,48720.0,28249.0,1.0,48720.0,48720.0,48720.0,28249.0,1.0,48720.0,48720.0,48720.0,28249.0,1.0,
60651,63892.0,22885.0,0,0,0,0,0,32.0,0.8095238095238089,0,0,3,0.9,0.9,0,0,0,1,0,2.79187240550579,0.0,0.0,0.0,0.0,0.0,0.0,0.0,0.0,0.0,0.0,0.0,0.0,63892.0,63892.0,63892.0,22885.0,1.0,63892.0,63892.0,63892.0,22885.0,1.0,63892.0,63892.0,63892.0,22885.0,1.0,63892.0,63892.0,63892.0,22885.0,1.0,63892.0,63892.0,63892.0,22885.0,1.0,63892.0,63892.0,63892.0,22885.0,1.0,63892.0,63892.0,63892.0,22885.0,1.0,63892.0,63892.0,63892.0,22885.0,1.0,63892.0,63892.0,63892.0,22885.0,1.0,63892.0,63892.0,63892.0,22885.0,1.0,
60652,41431.0,13709.0,0,0,0,0,0,22.0,0.8452380952380952,0,0,4,0.9,0.9,0,0,0,1,0,3.022175213363484,0.0,0.0,0.0,0.0,0.0,0.0,0.0,0.0,0.0,0.0,0.0,0.0,41431.0,41431.0,41431.0,13709.0,1.0,41431.0,41431.0,41431.0,13709.0,1.0,41431.0,41431.0,41431.0,13709.0,1.0,41431.0,41431.0,41431.0,13709.0,1.0,41431.0,41431.0,41431.0,13709.0,1.0,41431.0,41431.0,41431.0,13709.0,1.0,41431.0,41431.0,41431.0,13709.0,1.0,41431.0,41431.0,41431.0,13709.0,1.0,41431.0,41431.0,41431.0,13709.0,1.0,41431.0,41431.0,41431.0,13709.0,1.0,
60653,34608.0,18279.0,0,0,0,0,0,20.0,0.4642857142857145,0,0,2,0.9,0.9,0,0,0,1,0,1.8933202035122272,0.0,0.0,0.0,0.0,0.0,0.0,0.0,0.0,0.0,0.0,0.0,0.0,34608.0,34608.0,34608.0,18279.0,1.0,34608.0,34608.0,34608.0,18279.0,1.0,34608.0,34608.0,34608.0,18279.0,1.0,34608.0,34608.0,34608.0,18279.0,1.0,34608.0,34608.0,34608.0,18279.0,1.0,34608.0,34608.0,34608.0,18279.0,1.0,34608.0,34608.0,34608.0,18279.0,1.0,34608.0,34608.0,34608.0,18279.0,1.0,34608.0,34608.0,34608.0,18279.0,1.0,34608.0,34608.0,34608.0,18279.0,1.0,
60654,24303.0,17960.0,0,0,0,0,0,89.0,3.333333333333333,0,0,5,0.9,0.9,0,1,0,1,0,1.353173719376392,0.0,0.0,0.0,0.0,0.0,0.0,0.0,0.0,0.0,0.0,0.0,0.0,24303.0,24303.0,24303.0,17960.0,1.0,24303.0,24303.0,24303.0,17960.0,1.0,24303.0,24303.0,24303.0,17960.0,1.0,24303.0,24303.0,24303.0,17960.0,1.0,24303.0,24303.0,24303.0,17960.0,1.0,24303.0,24303.0,24303.0,17960.0,1.0,24303.0,24303.0,24303.0,17960.0,1.0,24303.0,24303.0,24303.0,17960.0,1.0,24303.0,24303.0,24303.0,17960.0,1.0,24303.0,24303.0,24303.0,17960.0,1.0,River North
60655,27794.0,11277.0,0,0,0,0,0,19.0,1.1142857142857139,0,0,5,0.9,0.9,0,0,0,1,0,2.4646625875676156,0.0,0.0,0.0,0.0,0.0,0.0,0.0,0.0,0.0,0.0,0.0,0.0,27794.0,27794.0,27794.0,11277.0,1.0,27794.0,27794.0,27794.0,11277.0,1.0,27794.0,27794.0,27794.0,11277.0,1.0,27794.0,27794.0,27794.0,11277.0,1.0,27794.0,27794.0,27794.0,11277.0,1.0,27794.0,27794.0,27794.0,11277.0,1.0,27794.0,27794.0,27794.0,11277.0,1.0,27794.0,27794.0,27794.0,11277.0,1.0,27794.0,27794.0,27794.0,11277.0,1.0,27794.0,27794.0,27794.0,11277.0,1.0,
60656,28726.0,12840.0,0,0,0,0,0,19.0,-0.714285714285715,0,0,4,0.9,0.9,0,0,0,1,0,2.237227414330218,0.0,0.0,0.0,0.0,0.0,0.0,0.0,0.0,0.0,0.0,0.0,0.0,28726.0,28726.0,28726.0,12840.0,1.0,28726.0,28726.0,28726.0,12840.0,1.0,28726.0,28726.0,28726.0,12840.0,1.0,28726.0,28726.0,28726.0,12840.0,1.0,28726.0,28726.0,28726.0,12840.0,1.0,28726.0,28726.0,28726.0,12840.0,1.0,28726.0,28726.0,28726.0,12840.0,1.0,28726.0,28726.0,28726.0,12840.0,1.0,28726.0,28726.0,28726.0,12840.0,1.0,28726.0,28726.0,28726.0,12840.0,1.0,
60657,71268.0,42246.0,0,0,0,0,0,54.0,1.3928571428571428,0,0,5,0.9,0.9,0,0,0,1,0,1.6869762817781566,0.0,0.0,0.0,0.0,0.0,0.0,0.0,0.0,0.0,0.0,0.0,0.0,71268.0,71268.0,71268.0,42246.0,1.0,71268.0,71268.0,71268.0,42246.0,1.0,71268.0,71268.0,71268.0,42246.0,1.0,71268.0,71268.0,71268.0,42246.0,1.0,71268.0,71268.0,71268.0,42246.0,1.0,71268.0,71268.0,71268.0,42246.0,1.0,71268.0,71268.0,71268.0,42246.0,1.0,71268.0,71268.0,71268.0,42246.0,1.0,71268.0,71268.0,71268.0,42246.0,1.0,71268.0,71268.0,71268.0,42246.0,1.0,
60659,42008.0,14748.0,0,0,0,0,0,20.0,0.035714285714285046,0,0,3,0.9,0.9,0,0,0,1,0,2.8483862218605913,0.0,0.0,0.0,0.0,0.0,0.0,0.0,0.0,0.0,0.0,0.0,0.0,42008.0,42008.0,42008.0,14748.0,1.0,42008.0,42008.0,42008.0,14748.0,1.0,42008.0,42008.0,42008.0,14748.0,1.0,42008.0,42008.0,42008.0,14748.0,1.0,42008.0,42008.0,42008.0,14748.0,1.0,42008.0,42008.0,42008.0,14748.0,1.0,42008.0,42008.0,42008.0,14748.0,1.0,42008.0,42008.0,42008.0,14748.0,1.0,42008.0,42008.0,42008.0,14748.0,1.0,42008.0,42008.0,42008.0,14748.0,1.0,
60660,42750.0,23508.0,0,0,0,0,0,14.0,2.1611781853454142e-17,0,0,3,0.9,0.9,0,0,0,1,0,1.818529862174579,0.0,0.0,0.0,0.0,0.0,0.0,0.0,0.0,0.0,0.0,0.0,0.0,42750.0,42750.0,42750.0,23508.0,1.0,42750.0,42750.0,42750.0,23508.0,1.0,42750.0,42750.0,42750.0,23508.0,1.0,42750.0,42750.0,42750.0,23508.0,1.0,42750.0,42750.0,42750.0,23508.0,1.0,42750.0,42750.0,42750.0,23508.0,1.0,42750.0,42750.0,42750.0,23508.0,1.0,42750.0,42750.0,42750.0,23508.0,1.0,42750.0,42750.0,42750.0,23508.0,1.0,42750.0,42750.0,42750.0,23508.0,1.0,
60661,11516.0,8049.0,0,0,0,0,0,69.0,0.48809523809523775,0,0,5,0.9,0.9,0,0,0,1,0,1.4307367374829172,0.0,0.0,0.0,0.0,0.0,0.0,0.0,0.0,0.0,0.0,0.0,0.0,11516.0,11516.0,11516.0,8049.0,1.0,11516.0,11516.0,11516.0,8049.0,1.0,11516.0,11516.0,11516.0,8049.0,1.0,11516.0,11516.0,11516.0,8049.0,1.0,11516.0,11516.0,11516.0,8049.0,1.0,11516.0,11516.0,11516.0,8049.0,1.0,11516.0,11516.0,11516.0,8049.0,1.0,11516.0,11516.0,11516.0,8049.0,1.0,11516.0,11516.0,11516.0,8049.0,1.0,11516.0,11516.0,11516.0,8049.0,1.0,
99999,,,0,0,0,0,0,0.0,0.0,0,0,1,0.9,0.9,0,0,0,0,0,2.5,0.0,0.0,0.0,0.0,0.0,0.0,0.0,0.0,0.0,0.0,0.0,0.0,,,,,1.0,,,,,1.0,,,,,1.0,,,,,1.0,,,,,1.0,,,,,1.0,,,,,1.0,,,,,1.0,,,,,1.0,,,,,1.0,
