zip_code,retail_businesses,retail_sales,retail_sqft,retail_establishments,unit_count,population,housing_units,retail_sqft_per_housing_unit,retail_establishments_per_housing_unit,retail_sqft_per_capita,retail_establishments_per_capita,cluster,retail_gap,retail_gap_score,category,potential_revenue
60641,6115.0,61150000.0,19599273,9936,852.0,724549.0,56181.0,348.859454263897,0.1768569445186095,27.050307156589824,0.013713358240781506,3,43.36677621151506,1.0,electronics,1062217
60633,6691.0,66910000.0,19691817,8839,869.0,718361.0,223623.0,88.05810225245168,0.039526345680006084,27.412146539135616,0.01230439848488434,1,43.004936828969264,0.9916562997262933,electronics,2986632
60613,2011.0,20110000.0,25186492,10774,845.0,729570.0,156615.0,160.81787823643967,0.06879289978609968,34.52237893553737,0.014767602834546376,2,35.894704432567515,0.8277005479378127,food,2099370
60622,5513.0,55130000.0,23976084,12279,863.0,684923.0,89319.0,268.4320693245558,0.13747354986061197,35.00551740852622,0.01792756266032824,3,35.41156595957867,0.8165597965332717,furniture,3828922
60618,1834.0,18340000.0,20032782,10809,888.0,564645.0,136996.0,146.22895558994423,0.07890011387193786,35.47854315543395,0.01914300135483357,2,34.93854021267094,0.8056522357636952,clothing,438781
60627,4431.0,44310000.0,19461438,9113,519.0,547889.0,120375.0,161.67342056074767,0.07570508826583593,35.5207678927666,0.016632931122909932,1,34.896315475338284,0.8046785701832354,furniture,391922
60614,4648.0,46480000.0,21127705,10204,757.0,578265.0,142154.0,148.62546956118013,0.07178130759598746,36.536371732683115,0.01764588899552973,1,33.88071163542177,0.781259632262578,electronics,2935900
60603,4192.0,41920000.0,29103417,13064,1126.0,783012.0,146234.0,199.01949615000615,0.08933626926706512,37.168545309650426,0.016684290917636,2,33.24853805845446,0.7666822614687707,general,4415222
60643,1051.0,10510000.0,20886340,12840,596.0,551675.0,118732.0,175.9116329212007,0.1081427079473099,37.859863144061265,0.023274572891648162,2,32.55722022404362,0.7507410757315826,health,2025044
