zip_code,retail_businesses,predicted_retail,prediction_error,prediction_error_pct,projected_retail_5yr,projected_growth_rate
60601,2,2.0,0.0,0.0,2.0,0.0
60601,0,0.0,0.0,,0.0,
60601,2,2.0,0.0,0.0,2.0,0.0
60601,2,2.0,0.0,0.0,2.0,0.0
60601,2,2.0,0.0,0.0,2.0,0.0
60601,2,2.0,0.0,0.0,2.0,0.0
60601,0,0.0,0.0,,0.0,
60601,2,2.0,0.0,0.0,2.0,0.0
60601,2,2.0,0.0,0.0,2.0,0.0
60601,2,2.0,0.0,0.0,2.0,0.0
60601,2,2.0,0.0,0.0,2.0,0.0
60601,0,0.0,0.0,,0.0,
60601,2,2.0,0.0,0.0,2.0,0.0
60601,2,2.0,0.0,0.0,2.0,0.0
60601,2,2.0,0.0,0.0,2.0,0.0
60601,2,2.0,0.0,0.0,2.0,0.0
60601,0,0.0,0.0,,0.0,
60601,2,2.0,0.0,0.0,2.0,0.0
60601,2,2.0,0.0,0.0,2.0,0.0
60601,2,2.0,0.0,0.0,2.0,0.0
60601,2,2.0,0.0,0.0,2.0,0.0
60601,0,0.0,0.0,,0.0,
60601,2,2.0,0.0,0.0,2.0,0.0
60601,2,2.0,0.0,0.0,2.0,0.0
60601,2,2.0,0.0,0.0,2.0,0.0
60602,5,4.96,-0.040000000000000036,-0.8,4.95,-0.002
60602,2,2.01,0.009999999999999787,0.5,2.01,0.001
60602,3,3.0,0.0,0.0,3.0,0.0
60602,1,1.0,0.0,0.0,1.0,0.0
60602,0,0.0,0.0,,0.0,
60602,0,0.0,0.0,,0.0,
60602,5,4.96,-0.040000000000000036,-0.8,4.95,-0.002
60602,2,2.01,0.009999999999999787,0.5,2.01,0.001
60602,3,3.0,0.0,0.0,3.0,0.0
60602,1,1.0,0.0,0.0,1.0,0.0
60602,0,0.0,0.0,,0.0,
60602,0,0.0,0.0,,0.0,
60602,5,4.96,-0.040000000000000036,-0.8,4.95,-0.002
60602,2,2.01,0.009999999999999787,0.5,2.01,0.001
60602,3,3.0,0.0,0.0,3.0,0.0
60602,1,1.0,0.0,0.0,1.0,0.0
60602,0,0.0,0.0,,0.0,
60602,0,0.0,0.0,,0.0,
60602,5,4.96,-0.040000000000000036,-0.8,4.95,-0.002
60602,2,2.01,0.009999999999999787,0.5,2.01,0.001
60602,3,3.0,0.0,0.0,3.0,0.0
60602,1,1.0,0.0,0.0,1.0,0.0
60602,0,0.0,0.0,,0.0,
60602,0,0.0,0.0,,0.0,
60603,2,2.0,0.0,0.0,2.0,0.0
60603,3,3.0,0.0,0.0,3.49,0.0307
60603,2,2.0,0.0,0.0,2.0,0.0
60603,2,2.0,0.0,0.0,2.0,0.0
60603,4,4.0,0.0,0.0,4.51,0.0243
60603,1,1.0,0.0,0.0,1.0,0.0
60603,2,2.0,0.0,0.0,2.0,0.0
60603,3,3.0,0.0,0.0,3.49,0.0307
60603,2,2.0,0.0,0.0,2.0,0.0
60603,2,2.0,0.0,0.0,2.0,0.0
60603,4,4.0,0.0,0.0,4.51,0.0243
60603,1,1.0,0.0,0.0,1.0,0.0
60603,2,2.0,0.0,0.0,2.0,0.0
60603,3,3.0,0.0,0.0,3.49,0.0307
60603,2,2.0,0.0,0.0,2.0,0.0
60603,2,2.0,0.0,0.0,2.0,0.0
60603,4,4.0,0.0,0.0,4.51,0.0243
60603,1,1.0,0.0,0.0,1.0,0.0
60603,2,2.0,0.0,0.0,2.0,0.0
60603,3,3.0,0.0,0.0,3.49,0.0307
60603,2,2.0,0.0,0.0,2.0,0.0
60603,2,2.0,0.0,0.0,2.0,0.0
60603,4,4.0,0.0,0.0,4.51,0.0243
60603,1,1.0,0.0,0.0,1.0,0.0
60603,2,2.0,0.0,0.0,2.0,0.0
60603,3,3.0,0.0,0.0,3.49,0.0307
60603,2,2.0,0.0,0.0,2.0,0.0
60603,2,2.0,0.0,0.0,2.0,0.0
60603,4,4.0,0.0,0.0,4.51,0.0243
60603,1,1.0,0.0,0.0,1.0,0.0
60604,2,2.0,0.0,0.0,1.99,-0.001
60604,1,1.0,0.0,0.0,1.0,0.0
60604,1,1.0,0.0,0.0,1.0,0.0
60604,2,2.0,0.0,0.0,1.99,-0.001
60604,3,3.0,0.0,0.0,2.98,-0.0013
60604,2,2.0,0.0,0.0,1.99,-0.001
60604,2,2.0,0.0,0.0,1.99,-0.001
60604,1,1.0,0.0,0.0,1.0,0.0
60604,1,1.0,0.0,0.0,1.0,0.0
60604,2,2.0,0.0,0.0,1.99,-0.001
60604,3,3.0,0.0,0.0,2.98,-0.0013
60604,2,2.0,0.0,0.0,1.99,-0.001
60604,2,2.0,0.0,0.0,1.99,-0.001
60604,1,1.0,0.0,0.0,1.0,0.0
60604,1,1.0,0.0,0.0,1.0,0.0
60604,2,2.0,0.0,0.0,1.99,-0.001
60604,3,3.0,0.0,0.0,2.98,-0.0013
60604,2,2.0,0.0,0.0,1.99,-0.001
60604,2,2.0,0.0,0.0,1.99,-0.001
60604,1,1.0,0.0,0.0,1.0,0.0
60604,1,1.0,0.0,0.0,1.0,0.0
60604,2,2.0,0.0,0.0,1.99,-0.001
60604,3,3.0,0.0,0.0,2.98,-0.0013
60604,2,2.0,0.0,0.0,1.99,-0.001
60605,1,1.0,0.0,0.0,1.0,0.0
60605,3,3.0,0.0,0.0,3.02,0.0013
60605,2,2.0,0.0,0.0,2.0001612903225805,0.0
60605,1,1.0,0.0,0.0,1.0,0.0
60605,3,3.0,0.0,0.0,3.02,0.0013
60605,1,1.0,0.0,0.0,1.0,0.0
60605,1,1.0,0.0,0.0,1.0,0.0
60605,3,3.0,0.0,0.0,3.02,0.0013
60605,2,2.0,0.0,0.0,2.0001612903225805,0.0
60605,1,1.0,0.0,0.0,1.0,0.0
60605,3,3.0,0.0,0.0,3.02,0.0013
60605,1,1.0,0.0,0.0,1.0,0.0
60605,1,1.0,0.0,0.0,1.0,0.0
60605,3,3.0,0.0,0.0,3.02,0.0013
60605,2,2.0,0.0,0.0,2.0001612903225805,0.0
60605,1,1.0,0.0,0.0,1.0,0.0
60605,3,3.0,0.0,0.0,3.02,0.0013
60605,1,1.0,0.0,0.0,1.0,0.0
60605,1,1.0,0.0,0.0,1.0,0.0
60605,3,3.0,0.0,0.0,3.02,0.0013
60605,2,2.0,0.0,0.0,2.0001612903225805,0.0
60605,1,1.0,0.0,0.0,1.0,0.0
60605,3,3.0,0.0,0.0,3.02,0.0013
60605,1,1.0,0.0,0.0,1.0,0.0
60605,1,1.0,0.0,0.0,1.0,0.0
60605,3,3.0,0.0,0.0,3.02,0.0013
60605,2,2.0,0.0,0.0,2.0001612903225805,0.0
60605,1,1.0,0.0,0.0,1.0,0.0
60605,3,3.0,0.0,0.0,3.02,0.0013
60605,1,1.0,0.0,0.0,1.0,0.0
60606,2,2.0,0.0,0.0,2.02,0.002
60606,1,1.0,0.0,0.0,1.0,0.0
60606,3,3.0,0.0,0.0,3.02,0.0013
60606,1,1.0,0.0,0.0,1.0,0.0
60606,2,2.0,0.0,0.0,2.02,0.002
60606,0,0.0,0.0,,0.0,
60606,2,2.0,0.0,0.0,2.02,0.002
60606,1,1.0,0.0,0.0,1.0,0.0
60606,3,3.0,0.0,0.0,3.02,0.0013
60606,1,1.0,0.0,0.0,1.0,0.0
60606,2,2.0,0.0,0.0,2.02,0.002
60606,0,0.0,0.0,,0.0,
60606,2,2.0,0.0,0.0,2.02,0.002
60606,1,1.0,0.0,0.0,1.0,0.0
60606,3,3.0,0.0,0.0,3.02,0.0013
60606,1,1.0,0.0,0.0,1.0,0.0
60606,2,2.0,0.0,0.0,2.02,0.002
60606,0,0.0,0.0,,0.0,
60606,2,2.0,0.0,0.0,2.02,0.002
60606,1,1.0,0.0,0.0,1.0,0.0
60606,3,3.0,0.0,0.0,3.02,0.0013
60606,1,1.0,0.0,0.0,1.0,0.0
60606,2,2.0,0.0,0.0,2.02,0.002
60606,0,0.0,0.0,,0.0,
60606,2,2.0,0.0,0.0,2.02,0.002
60606,1,1.0,0.0,0.0,1.0,0.0
60606,3,3.0,0.0,0.0,3.02,0.0013
60606,1,1.0,0.0,0.0,1.0,0.0
60606,2,2.0,0.0,0.0,2.02,0.002
60606,0,0.0,0.0,,0.0,
60607,1,1.0,0.0,0.0,1.0,0.0
60607,1,1.0,0.0,0.0,1.0,0.0
60607,2,2.0,0.0,0.0,2.0,0.0
60607,1,1.0,0.0,0.0,1.0,0.0
60607,1,1.0,0.0,0.0,1.0,0.0
60607,1,1.0,0.0,0.0,1.0,0.0
60607,1,1.0,0.0,0.0,1.0,0.0
60607,2,2.0,0.0,0.0,2.0,0.0
60607,1,1.0,0.0,0.0,1.0,0.0
60607,1,1.0,0.0,0.0,1.0,0.0
60607,1,1.0,0.0,0.0,1.0,0.0
60607,1,1.0,0.0,0.0,1.0,0.0
60607,2,2.0,0.0,0.0,2.0,0.0
60607,1,1.0,0.0,0.0,1.0,0.0
60607,1,1.0,0.0,0.0,1.0,0.0
60607,1,1.0,0.0,0.0,1.0,0.0
60607,1,1.0,0.0,0.0,1.0,0.0
60607,2,2.0,0.0,0.0,2.0,0.0
60607,1,1.0,0.0,0.0,1.0,0.0
60607,1,1.0,0.0,0.0,1.0,0.0
60608,3,3.0,0.0,0.0,3.0,0.0
60608,1,1.0,0.0,0.0,1.0,0.0
60608,3,3.0,0.0,0.0,3.0,0.0
60608,0,0.0,0.0,,0.0,
60608,0,0.0,0.0,,0.0,
60608,1,1.0,0.0,0.0,1.0,0.0
60608,3,3.0,0.0,0.0,3.0,0.0
60608,1,1.0,0.0,0.0,1.0,0.0
60608,3,3.0,0.0,0.0,3.0,0.0
60608,0,0.0,0.0,,0.0,
60608,0,0.0,0.0,,0.0,
60608,1,1.0,0.0,0.0,1.0,0.0
60608,3,3.0,0.0,0.0,3.0,0.0
60608,1,1.0,0.0,0.0,1.0,0.0
60608,3,3.0,0.0,0.0,3.0,0.0
60608,0,0.0,0.0,,0.0,
60608,0,0.0,0.0,,0.0,
60608,1,1.0,0.0,0.0,1.0,0.0
60608,3,3.0,0.0,0.0,3.0,0.0
60608,1,1.0,0.0,0.0,1.0,0.0
60608,3,3.0,0.0,0.0,3.0,0.0
60608,0,0.0,0.0,,0.0,
60608,0,0.0,0.0,,0.0,
60608,1,1.0,0.0,0.0,1.0,0.0
60608,3,3.0,0.0,0.0,3.0,0.0
60608,1,1.0,0.0,0.0,1.0,0.0
60608,3,3.0,0.0,0.0,3.0,0.0
60608,0,0.0,0.0,,0.0,
60608,0,0.0,0.0,,0.0,
60608,1,1.0,0.0,0.0,1.0,0.0
60608,3,3.0,0.0,0.0,3.0,0.0
60608,1,1.0,0.0,0.0,1.0,0.0
60608,3,3.0,0.0,0.0,3.0,0.0
60608,0,0.0,0.0,,0.0,
60608,0,0.0,0.0,,0.0,
60608,1,1.0,0.0,0.0,1.0,0.0
60609,2,2.0,0.0,0.0,2.0,0.0
60609,1,1.0,0.0,0.0,1.0,0.0
60609,2,2.0,0.0,0.0,2.0,0.0
60609,2,2.0,0.0,0.0,2.0,0.0
60609,1,1.0,0.0,0.0,1.0,0.0
60609,1,1.0,0.0,0.0,1.0,0.0
60609,2,2.0,0.0,0.0,2.0,0.0
60609,1,1.0,0.0,0.0,1.0,0.0
60609,2,2.0,0.0,0.0,2.0,0.0
60609,2,2.0,0.0,0.0,2.0,0.0
60609,1,1.0,0.0,0.0,1.0,0.0
60609,1,1.0,0.0,0.0,1.0,0.0
60609,2,2.0,0.0,0.0,2.0,0.0
60609,1,1.0,0.0,0.0,1.0,0.0
60609,2,2.0,0.0,0.0,2.0,0.0
60609,2,2.0,0.0,0.0,2.0,0.0
60609,1,1.0,0.0,0.0,1.0,0.0
60609,1,1.0,0.0,0.0,1.0,0.0
60609,2,2.0,0.0,0.0,2.0,0.0
60609,1,1.0,0.0,0.0,1.0,0.0
60609,2,2.0,0.0,0.0,2.0,0.0
60609,2,2.0,0.0,0.0,2.0,0.0
60609,1,1.0,0.0,0.0,1.0,0.0
60609,1,1.0,0.0,0.0,1.0,0.0
60610,5,4.99,-0.009999999999999787,-0.2,5.02,0.0008
60610,1,1.0,0.0,0.0,1.0,0.0
60610,1,1.0,0.0,0.0,1.0,0.0
60610,4,4.0,0.0,0.0,4.03,0.0015
60610,0,0.0,0.0,,0.0,
60610,1,1.0,0.0,0.0,1.0,0.0
60610,5,4.99,-0.009999999999999787,-0.2,5.02,0.0008
60610,1,1.0,0.0,0.0,1.0,0.0
60610,1,1.0,0.0,0.0,1.0,0.0
60610,4,4.0,0.0,0.0,4.03,0.0015
60610,0,0.0,0.0,,0.0,
60610,1,1.0,0.0,0.0,1.0,0.0
60610,5,4.99,-0.009999999999999787,-0.2,5.02,0.0008
60610,1,1.0,0.0,0.0,1.0,0.0
60610,1,1.0,0.0,0.0,1.0,0.0
60610,4,4.0,0.0,0.0,4.03,0.0015
60610,0,0.0,0.0,,0.0,
60610,1,1.0,0.0,0.0,1.0,0.0
60610,5,4.99,-0.009999999999999787,-0.2,5.02,0.0008
60610,1,1.0,0.0,0.0,1.0,0.0
60610,1,1.0,0.0,0.0,1.0,0.0
60610,4,4.0,0.0,0.0,4.03,0.0015
60610,0,0.0,0.0,,0.0,
60610,1,1.0,0.0,0.0,1.0,0.0
60610,5,4.99,-0.009999999999999787,-0.2,5.02,0.0008
60610,1,1.0,0.0,0.0,1.0,0.0
60610,1,1.0,0.0,0.0,1.0,0.0
60610,4,4.0,0.0,0.0,4.03,0.0015
60610,0,0.0,0.0,,0.0,
60610,1,1.0,0.0,0.0,1.0,0.0
60611,2,2.0,0.0,0.0,2.0,0.0
60611,1,1.0,0.0,0.0,1.0,0.0
60611,1,1.0,0.0,0.0,1.0,0.0
60611,5,4.98,-0.019999999999999574,-0.4,4.98,-0.0008
60611,3,3.0,0.0,0.0,3.48,0.0301
60611,2,2.0,0.0,0.0,2.0,0.0
60611,2,2.0,0.0,0.0,2.0,0.0
60611,1,1.0,0.0,0.0,1.0,0.0
60611,1,1.0,0.0,0.0,1.0,0.0
60611,5,4.98,-0.019999999999999574,-0.4,4.98,-0.0008
60611,3,3.0,0.0,0.0,3.48,0.0301
60611,2,2.0,0.0,0.0,2.0,0.0
60611,2,2.0,0.0,0.0,2.0,0.0
60611,1,1.0,0.0,0.0,1.0,0.0
60611,1,1.0,0.0,0.0,1.0,0.0
60611,5,4.98,-0.019999999999999574,-0.4,4.98,-0.0008
60611,3,3.0,0.0,0.0,3.48,0.0301
60611,2,2.0,0.0,0.0,2.0,0.0
60611,2,2.0,0.0,0.0,2.0,0.0
60611,1,1.0,0.0,0.0,1.0,0.0
60611,1,1.0,0.0,0.0,1.0,0.0
60611,5,4.98,-0.019999999999999574,-0.4,4.98,-0.0008
60611,3,3.0,0.0,0.0,3.48,0.0301
60611,2,2.0,0.0,0.0,2.0,0.0
60611,2,2.0,0.0,0.0,2.0,0.0
60611,1,1.0,0.0,0.0,1.0,0.0
60611,1,1.0,0.0,0.0,1.0,0.0
60611,5,4.98,-0.019999999999999574,-0.4,4.98,-0.0008
60611,3,3.0,0.0,0.0,3.48,0.0301
60611,2,2.0,0.0,0.0,2.0,0.0
60611,2,2.0,0.0,0.0,2.0,0.0
60611,1,1.0,0.0,0.0,1.0,0.0
60611,1,1.0,0.0,0.0,1.0,0.0
60611,5,4.98,-0.019999999999999574,-0.4,4.98,-0.0008
60611,3,3.0,0.0,0.0,3.48,0.0301
60611,2,2.0,0.0,0.0,2.0,0.0
60612,1,1.0,0.0,0.0,1.0,0.0
60612,4,4.0,0.0,0.0,3.9,-0.0051
60612,0,0.0,0.0,,0.0,
60612,1,1.0,0.0,0.0,1.0,0.0
60612,2,1.99,-0.010000000000000009,-0.5,2.0,0.0
60612,1,1.0,0.0,0.0,1.0,0.0
60612,1,1.0,0.0,0.0,1.0,0.0
60612,4,4.0,0.0,0.0,3.9,-0.0051
60612,0,0.0,0.0,,0.0,
60612,1,1.0,0.0,0.0,1.0,0.0
60612,2,1.99,-0.010000000000000009,-0.5,2.0,0.0
60612,1,1.0,0.0,0.0,1.0,0.0
60612,1,1.0,0.0,0.0,1.0,0.0
60612,4,4.0,0.0,0.0,3.9,-0.0051
60612,0,0.0,0.0,,0.0,
60612,1,1.0,0.0,0.0,1.0,0.0
60612,2,1.99,-0.010000000000000009,-0.5,2.0,0.0
60612,1,1.0,0.0,0.0,1.0,0.0
60612,1,1.0,0.0,0.0,1.0,0.0
60612,4,4.0,0.0,0.0,3.9,-0.0051
60612,0,0.0,0.0,,0.0,
60612,1,1.0,0.0,0.0,1.0,0.0
60612,2,1.99,-0.010000000000000009,-0.5,2.0,0.0
60612,1,1.0,0.0,0.0,1.0,0.0
60612,1,1.0,0.0,0.0,1.0,0.0
60612,4,4.0,0.0,0.0,3.9,-0.0051
60612,0,0.0,0.0,,0.0,
60612,1,1.0,0.0,0.0,1.0,0.0
60612,2,1.99,-0.010000000000000009,-0.5,2.0,0.0
60612,1,1.0,0.0,0.0,1.0,0.0
60612,1,1.0,0.0,0.0,1.0,0.0
60612,4,4.0,0.0,0.0,3.9,-0.0051
60612,0,0.0,0.0,,0.0,
60612,1,1.0,0.0,0.0,1.0,0.0
60612,2,1.99,-0.010000000000000009,-0.5,2.0,0.0
60612,1,1.0,0.0,0.0,1.0,0.0
60613,2,2.0,0.0,0.0,2.01,0.001
60613,0,0.0,0.0,,0.0,
60613,2,2.0,0.0,0.0,2.01,0.001
60613,1,1.0,0.0,0.0,1.0,0.0
60613,2,2.0,0.0,0.0,2.01,0.001
60613,2,2.0,0.0,0.0,2.01,0.001
60613,0,0.0,0.0,,0.0,
60613,2,2.0,0.0,0.0,2.01,0.001
60613,1,1.0,0.0,0.0,1.0,0.0
60613,2,2.0,0.0,0.0,2.01,0.001
60613,2,2.0,0.0,0.0,2.01,0.001
60613,0,0.0,0.0,,0.0,
60613,2,2.0,0.0,0.0,2.01,0.001
60613,1,1.0,0.0,0.0,1.0,0.0
60613,2,2.0,0.0,0.0,2.01,0.001
60613,2,2.0,0.0,0.0,2.01,0.001
60613,0,0.0,0.0,,0.0,
60613,2,2.0,0.0,0.0,2.01,0.001
60613,1,1.0,0.0,0.0,1.0,0.0
60613,2,2.0,0.0,0.0,2.01,0.001
60613,2,2.0,0.0,0.0,2.01,0.001
60613,0,0.0,0.0,,0.0,
60613,2,2.0,0.0,0.0,2.01,0.001
60613,1,1.0,0.0,0.0,1.0,0.0
60613,2,2.0,0.0,0.0,2.01,0.001
60613,2,2.0,0.0,0.0,2.01,0.001
60613,0,0.0,0.0,,0.0,
60613,2,2.0,0.0,0.0,2.01,0.001
60613,1,1.0,0.0,0.0,1.0,0.0
60613,2,2.0,0.0,0.0,2.01,0.001
60614,1,1.0,0.0,0.0,1.0,0.0
60614,1,1.0,0.0,0.0,1.0,0.0
60614,3,3.0,0.0,0.0,3.0,0.0
60614,4,4.0,0.0,0.0,3.98,-0.001
60614,1,1.0,0.0,0.0,1.0,0.0
60614,4,4.0,0.0,0.0,3.98,-0.001
60614,1,1.0,0.0,0.0,1.0,0.0
60614,1,1.0,0.0,0.0,1.0,0.0
60614,3,3.0,0.0,0.0,3.0,0.0
60614,4,4.0,0.0,0.0,3.98,-0.001
60614,1,1.0,0.0,0.0,1.0,0.0
60614,4,4.0,0.0,0.0,3.98,-0.001
60614,1,1.0,0.0,0.0,1.0,0.0
60614,1,1.0,0.0,0.0,1.0,0.0
60614,3,3.0,0.0,0.0,3.0,0.0
60614,4,4.0,0.0,0.0,3.98,-0.001
60614,1,1.0,0.0,0.0,1.0,0.0
60614,4,4.0,0.0,0.0,3.98,-0.001
60614,1,1.0,0.0,0.0,1.0,0.0
60614,1,1.0,0.0,0.0,1.0,0.0
60614,3,3.0,0.0,0.0,3.0,0.0
60614,4,4.0,0.0,0.0,3.98,-0.001
60614,1,1.0,0.0,0.0,1.0,0.0
60614,4,4.0,0.0,0.0,3.98,-0.001
60614,1,1.0,0.0,0.0,1.0,0.0
60614,1,1.0,0.0,0.0,1.0,0.0
60614,3,3.0,0.0,0.0,3.0,0.0
60614,4,4.0,0.0,0.0,3.98,-0.001
60614,1,1.0,0.0,0.0,1.0,0.0
60614,4,4.0,0.0,0.0,3.98,-0.001
60614,1,1.0,0.0,0.0,1.0,0.0
60614,1,1.0,0.0,0.0,1.0,0.0
60614,3,3.0,0.0,0.0,3.0,0.0
60614,4,4.0,0.0,0.0,3.98,-0.001
60614,1,1.0,0.0,0.0,1.0,0.0
60614,4,4.0,0.0,0.0,3.98,-0.001
60615,1,1.0,0.0,0.0,1.0,0.0
60615,2,2.0,0.0,0.0,2.0,0.0
60615,2,2.0,0.0,0.0,2.0,0.0
60615,1,1.0,0.0,0.0,1.0,0.0
60615,4,4.0,0.0,0.0,4.0,0.0
60615,1,1.0,0.0,0.0,1.0,0.0
60615,1,1.0,0.0,0.0,1.0,0.0
60615,2,2.0,0.0,0.0,2.0,0.0
60615,2,2.0,0.0,0.0,2.0,0.0
60615,1,1.0,0.0,0.0,1.0,0.0
60615,4,4.0,0.0,0.0,4.0,0.0
60615,1,1.0,0.0,0.0,1.0,0.0
60615,1,1.0,0.0,0.0,1.0,0.0
60615,2,2.0,0.0,0.0,2.0,0.0
60615,2,2.0,0.0,0.0,2.0,0.0
60615,1,1.0,0.0,0.0,1.0,0.0
60615,4,4.0,0.0,0.0,4.0,0.0
60615,1,1.0,0.0,0.0,1.0,0.0
60615,1,1.0,0.0,0.0,1.0,0.0
60615,2,2.0,0.0,0.0,2.0,0.0
60615,2,2.0,0.0,0.0,2.0,0.0
60615,1,1.0,0.0,0.0,1.0,0.0
60615,4,4.0,0.0,0.0,4.0,0.0
60615,1,1.0,0.0,0.0,1.0,0.0
60615,1,1.0,0.0,0.0,1.0,0.0
60615,2,2.0,0.0,0.0,2.0,0.0
60615,2,2.0,0.0,0.0,2.0,0.0
60615,1,1.0,0.0,0.0,1.0,0.0
60615,4,4.0,0.0,0.0,4.0,0.0
60615,1,1.0,0.0,0.0,1.0,0.0
60615,1,1.0,0.0,0.0,1.0,0.0
60615,2,2.0,0.0,0.0,2.0,0.0
60615,2,2.0,0.0,0.0,2.0,0.0
60615,1,1.0,0.0,0.0,1.0,0.0
60615,4,4.0,0.0,0.0,4.0,0.0
60615,1,1.0,0.0,0.0,1.0,0.0
60616,1,1.0,0.0,0.0,1.0,0.0
60616,0,0.0,0.0,,0.0,
60616,1,1.0,0.0,0.0,1.0,0.0
60616,0,0.0,0.0,,0.0,
60616,1,1.0,0.0,0.0,1.0,0.0
60616,5,5.0,0.0,0.0,5.32,0.0125
60616,1,1.0,0.0,0.0,1.0,0.0
60616,0,0.0,0.0,,0.0,
60616,1,1.0,0.0,0.0,1.0,0.0
60616,0,0.0,0.0,,0.0,
60616,1,1.0,0.0,0.0,1.0,0.0
60616,5,5.0,0.0,0.0,5.32,0.0125
60616,1,1.0,0.0,0.0,1.0,0.0
60616,0,0.0,0.0,,0.0,
60616,1,1.0,0.0,0.0,1.0,0.0
60616,0,0.0,0.0,,0.0,
60616,1,1.0,0.0,0.0,1.0,0.0
60616,5,5.0,0.0,0.0,5.32,0.0125
60616,1,1.0,0.0,0.0,1.0,0.0
60616,0,0.0,0.0,,0.0,
60616,1,1.0,0.0,0.0,1.0,0.0
60616,0,0.0,0.0,,0.0,
60616,1,1.0,0.0,0.0,1.0,0.0
60616,5,5.0,0.0,0.0,5.32,0.0125
60616,1,1.0,0.0,0.0,1.0,0.0
60616,0,0.0,0.0,,0.0,
60616,1,1.0,0.0,0.0,1.0,0.0
60616,0,0.0,0.0,,0.0,
60616,1,1.0,0.0,0.0,1.0,0.0
60616,5,5.0,0.0,0.0,5.32,0.0125
60617,2,2.0,0.0,0.0,2.01,0.001
60617,3,3.0,0.0,0.0,3.43,0.0272
60617,1,1.0,0.0,0.0,1.0,0.0
60617,3,3.0,0.0,0.0,3.43,0.0272
60617,4,4.0,0.0,0.0,4.0,0.0
60617,2,2.0,0.0,0.0,2.01,0.001
60617,3,3.0,0.0,0.0,3.43,0.0272
60617,1,1.0,0.0,0.0,1.0,0.0
60617,3,3.0,0.0,0.0,3.43,0.0272
60617,4,4.0,0.0,0.0,4.0,0.0
60617,2,2.0,0.0,0.0,2.01,0.001
60617,3,3.0,0.0,0.0,3.43,0.0272
60617,1,1.0,0.0,0.0,1.0,0.0
60617,3,3.0,0.0,0.0,3.43,0.0272
60617,4,4.0,0.0,0.0,4.0,0.0
60617,2,2.0,0.0,0.0,2.01,0.001
60617,3,3.0,0.0,0.0,3.43,0.0272
60617,1,1.0,0.0,0.0,1.0,0.0
60617,3,3.0,0.0,0.0,3.43,0.0272
60617,4,4.0,0.0,0.0,4.0,0.0
60617,2,2.0,0.0,0.0,2.01,0.001
60617,3,3.0,0.0,0.0,3.43,0.0272
60617,1,1.0,0.0,0.0,1.0,0.0
60617,3,3.0,0.0,0.0,3.43,0.0272
60617,4,4.0,0.0,0.0,4.0,0.0
60618,4,4.0,0.0,0.0,3.99,-0.0005
60618,1,1.03,0.030000000000000027,3.0,1.03,0.0059
60618,0,0.0,0.0,,0.0,
60618,0,0.0,0.0,,0.0,
60618,4,4.0,0.0,0.0,3.99,-0.0005
60618,0,0.0,0.0,,0.0,
60618,4,4.0,0.0,0.0,3.99,-0.0005
60618,1,1.03,0.030000000000000027,3.0,1.03,0.0059
60618,0,0.0,0.0,,0.0,
60618,0,0.0,0.0,,0.0,
60618,4,4.0,0.0,0.0,3.99,-0.0005
60618,0,0.0,0.0,,0.0,
60618,4,4.0,0.0,0.0,3.99,-0.0005
60618,1,1.03,0.030000000000000027,3.0,1.03,0.0059
60618,0,0.0,0.0,,0.0,
60618,0,0.0,0.0,,0.0,
60618,4,4.0,0.0,0.0,3.99,-0.0005
60618,0,0.0,0.0,,0.0,
60618,4,4.0,0.0,0.0,3.99,-0.0005
60618,1,1.03,0.030000000000000027,3.0,1.03,0.0059
60618,0,0.0,0.0,,0.0,
60618,0,0.0,0.0,,0.0,
60618,4,4.0,0.0,0.0,3.99,-0.0005
60618,0,0.0,0.0,,0.0,
60619,0,0.0,0.0,,0.0,
60619,0,0.0,0.0,,0.0,
60619,1,1.0,0.0,0.0,1.0,0.0
60619,0,0.0,0.0,,0.0,
60619,1,1.0,0.0,0.0,1.0,0.0
60619,4,3.99,-0.009999999999999787,-0.2,4.04,0.002
60619,0,0.0,0.0,,0.0,
60619,0,0.0,0.0,,0.0,
60619,1,1.0,0.0,0.0,1.0,0.0
60619,0,0.0,0.0,,0.0,
60619,1,1.0,0.0,0.0,1.0,0.0
60619,4,3.99,-0.009999999999999787,-0.2,4.04,0.002
60619,0,0.0,0.0,,0.0,
60619,0,0.0,0.0,,0.0,
60619,1,1.0,0.0,0.0,1.0,0.0
60619,0,0.0,0.0,,0.0,
60619,1,1.0,0.0,0.0,1.0,0.0
60619,4,3.99,-0.009999999999999787,-0.2,4.04,0.002
60619,0,0.0,0.0,,0.0,
60619,0,0.0,0.0,,0.0,
60619,1,1.0,0.0,0.0,1.0,0.0
60619,0,0.0,0.0,,0.0,
60619,1,1.0,0.0,0.0,1.0,0.0
60619,4,3.99,-0.009999999999999787,-0.2,4.04,0.002
60620,0,0.0,0.0,,0.0,
60620,1,1.0,0.0,0.0,1.08,0.0155
60620,3,3.0007142857142854,0.0007142857142854453,0.0,3.0507142857142857,0.0034
60620,0,0.0,0.0,,0.0,
60620,3,3.0007142857142854,0.0007142857142854453,0.0,3.0507142857142857,0.0034
60620,1,1.0,0.0,0.0,1.08,0.0155
60620,0,0.0,0.0,,0.0,
60620,1,1.0,0.0,0.0,1.08,0.0155
60620,3,3.0007142857142854,0.0007142857142854453,0.0,3.0507142857142857,0.0034
60620,0,0.0,0.0,,0.0,
60620,3,3.0007142857142854,0.0007142857142854453,0.0,3.0507142857142857,0.0034
60620,1,1.0,0.0,0.0,1.08,0.0155
60620,0,0.0,0.0,,0.0,
60620,1,1.0,0.0,0.0,1.08,0.0155
60620,3,3.0007142857142854,0.0007142857142854453,0.0,3.0507142857142857,0.0034
60620,0,0.0,0.0,,0.0,
60620,3,3.0007142857142854,0.0007142857142854453,0.0,3.0507142857142857,0.0034
60620,1,1.0,0.0,0.0,1.08,0.0155
60620,0,0.0,0.0,,0.0,
60620,1,1.0,0.0,0.0,1.08,0.0155
60620,3,3.0007142857142854,0.0007142857142854453,0.0,3.0507142857142857,0.0034
60620,0,0.0,0.0,,0.0,
60620,3,3.0007142857142854,0.0007142857142854453,0.0,3.0507142857142857,0.0034
60620,1,1.0,0.0,0.0,1.08,0.0155
60620,0,0.0,0.0,,0.0,
60620,1,1.0,0.0,0.0,1.08,0.0155
60620,3,3.0007142857142854,0.0007142857142854453,0.0,3.0507142857142857,0.0034
60620,0,0.0,0.0,,0.0,
60620,3,3.0007142857142854,0.0007142857142854453,0.0,3.0507142857142857,0.0034
60620,1,1.0,0.0,0.0,1.08,0.0155
60620,0,0.0,0.0,,0.0,
60620,1,1.0,0.0,0.0,1.08,0.0155
60620,3,3.0007142857142854,0.0007142857142854453,0.0,3.0507142857142857,0.0034
60620,0,0.0,0.0,,0.0,
60620,3,3.0007142857142854,0.0007142857142854453,0.0,3.0507142857142857,0.0034
60620,1,1.0,0.0,0.0,1.08,0.0155
60621,1,1.0,0.0,0.0,1.0,0.0
60621,0,0.0,0.0,,0.0,
60621,5,4.993,-0.006999999999999673,-0.1,4.9830000000000005,-0.0007
60621,2,2.0,0.0,0.0,2.01,0.001
60621,1,1.0,0.0,0.0,1.0,0.0
60621,4,4.013,0.0129999999999999,0.3,4.033,0.0016
60621,1,1.0,0.0,0.0,1.0,0.0
60621,0,0.0,0.0,,0.0,
60621,5,4.993,-0.006999999999999673,-0.1,4.9830000000000005,-0.0007
60621,2,2.0,0.0,0.0,2.01,0.001
60621,1,1.0,0.0,0.0,1.0,0.0
60621,4,4.013,0.0129999999999999,0.3,4.033,0.0016
60621,1,1.0,0.0,0.0,1.0,0.0
60621,0,0.0,0.0,,0.0,
60621,5,4.993,-0.006999999999999673,-0.1,4.9830000000000005,-0.0007
60621,2,2.0,0.0,0.0,2.01,0.001
60621,1,1.0,0.0,0.0,1.0,0.0
60621,4,4.013,0.0129999999999999,0.3,4.033,0.0016
60621,1,1.0,0.0,0.0,1.0,0.0
60621,0,0.0,0.0,,0.0,
60621,5,4.993,-0.006999999999999673,-0.1,4.9830000000000005,-0.0007
60621,2,2.0,0.0,0.0,2.01,0.001
60621,1,1.0,0.0,0.0,1.0,0.0
60621,4,4.013,0.0129999999999999,0.3,4.033,0.0016
60621,1,1.0,0.0,0.0,1.0,0.0
60621,0,0.0,0.0,,0.0,
60621,5,4.993,-0.006999999999999673,-0.1,4.9830000000000005,-0.0007
60621,2,2.0,0.0,0.0,2.01,0.001
60621,1,1.0,0.0,0.0,1.0,0.0
60621,4,4.013,0.0129999999999999,0.3,4.033,0.0016
60621,1,1.0,0.0,0.0,1.0,0.0
60621,0,0.0,0.0,,0.0,
60621,5,4.993,-0.006999999999999673,-0.1,4.9830000000000005,-0.0007
60621,2,2.0,0.0,0.0,2.01,0.001
60621,1,1.0,0.0,0.0,1.0,0.0
60621,4,4.013,0.0129999999999999,0.3,4.033,0.0016
60622,0,0.0,0.0,,0.0,
60622,1,1.0,0.0,0.0,1.0,0.0
60622,2,2.0001612903225805,0.00016129032258049847,0.0,2.08,0.0079
60622,2,2.0001612903225805,0.00016129032258049847,0.0,2.08,0.0079
60622,1,1.0,0.0,0.0,1.0,0.0
60622,0,0.0,0.0,,0.0,
60622,0,0.0,0.0,,0.0,
60622,1,1.0,0.0,0.0,1.0,0.0
60622,2,2.0001612903225805,0.00016129032258049847,0.0,2.08,0.0079
60622,2,2.0001612903225805,0.00016129032258049847,0.0,2.08,0.0079
60622,1,1.0,0.0,0.0,1.0,0.0
60622,0,0.0,0.0,,0.0,
60622,0,0.0,0.0,,0.0,
60622,1,1.0,0.0,0.0,1.0,0.0
60622,2,2.0001612903225805,0.00016129032258049847,0.0,2.08,0.0079
60622,2,2.0001612903225805,0.00016129032258049847,0.0,2.08,0.0079
60622,1,1.0,0.0,0.0,1.0,0.0
60622,0,0.0,0.0,,0.0,
60622,0,0.0,0.0,,0.0,
60622,1,1.0,0.0,0.0,1.0,0.0
60622,2,2.0001612903225805,0.00016129032258049847,0.0,2.08,0.0079
60622,2,2.0001612903225805,0.00016129032258049847,0.0,2.08,0.0079
60622,1,1.0,0.0,0.0,1.0,0.0
60622,0,0.0,0.0,,0.0,
60622,0,0.0,0.0,,0.0,
60622,1,1.0,0.0,0.0,1.0,0.0
60622,2,2.0001612903225805,0.00016129032258049847,0.0,2.08,0.0079
60622,2,2.0001612903225805,0.00016129032258049847,0.0,2.08,0.0079
60622,1,1.0,0.0,0.0,1.0,0.0
60622,0,0.0,0.0,,0.0,
60623,2,2.0,0.0,0.0,2.01,0.001
60623,1,1.0,0.0,0.0,1.0,0.0
60623,1,1.0,0.0,0.0,1.0,0.0
60623,0,0.0,0.0,,0.0,
60623,1,1.0,0.0,0.0,1.0,0.0
60623,3,3.0,0.0,0.0,3.44,0.0277
60623,2,2.0,0.0,0.0,2.01,0.001
60623,1,1.0,0.0,0.0,1.0,0.0
60623,1,1.0,0.0,0.0,1.0,0.0
60623,0,0.0,0.0,,0.0,
60623,1,1.0,0.0,0.0,1.0,0.0
60623,3,3.0,0.0,0.0,3.44,0.0277
60623,2,2.0,0.0,0.0,2.01,0.001
60623,1,1.0,0.0,0.0,1.0,0.0
60623,1,1.0,0.0,0.0,1.0,0.0
60623,0,0.0,0.0,,0.0,
60623,1,1.0,0.0,0.0,1.0,0.0
60623,3,3.0,0.0,0.0,3.44,0.0277
60623,2,2.0,0.0,0.0,2.01,0.001
60623,1,1.0,0.0,0.0,1.0,0.0
60623,1,1.0,0.0,0.0,1.0,0.0
60623,0,0.0,0.0,,0.0,
60623,1,1.0,0.0,0.0,1.0,0.0
60623,3,3.0,0.0,0.0,3.44,0.0277
60623,2,2.0,0.0,0.0,2.01,0.001
60623,1,1.0,0.0,0.0,1.0,0.0
60623,1,1.0,0.0,0.0,1.0,0.0
60623,0,0.0,0.0,,0.0,
60623,1,1.0,0.0,0.0,1.0,0.0
60623,3,3.0,0.0,0.0,3.44,0.0277
60623,2,2.0,0.0,0.0,2.01,0.001
60623,1,1.0,0.0,0.0,1.0,0.0
60623,1,1.0,0.0,0.0,1.0,0.0
60623,0,0.0,0.0,,0.0,
60623,1,1.0,0.0,0.0,1.0,0.0
60623,3,3.0,0.0,0.0,3.44,0.0277
60624,2,2.0,0.0,0.0,2.0,0.0
60624,2,2.0,0.0,0.0,2.0,0.0
60624,3,3.0,0.0,0.0,3.0,0.0
60624,1,1.0,0.0,0.0,1.0,0.0
60624,1,1.0,0.0,0.0,1.0,0.0
60624,3,3.0,0.0,0.0,3.0,0.0
60624,2,2.0,0.0,0.0,2.0,0.0
60624,2,2.0,0.0,0.0,2.0,0.0
60624,3,3.0,0.0,0.0,3.0,0.0
60624,1,1.0,0.0,0.0,1.0,0.0
60624,1,1.0,0.0,0.0,1.0,0.0
60624,3,3.0,0.0,0.0,3.0,0.0
60624,2,2.0,0.0,0.0,2.0,0.0
60624,2,2.0,0.0,0.0,2.0,0.0
60624,3,3.0,0.0,0.0,3.0,0.0
60624,1,1.0,0.0,0.0,1.0,0.0
60624,1,1.0,0.0,0.0,1.0,0.0
60624,3,3.0,0.0,0.0,3.0,0.0
60624,2,2.0,0.0,0.0,2.0,0.0
60624,2,2.0,0.0,0.0,2.0,0.0
60624,3,3.0,0.0,0.0,3.0,0.0
60624,1,1.0,0.0,0.0,1.0,0.0
60624,1,1.0,0.0,0.0,1.0,0.0
60624,3,3.0,0.0,0.0,3.0,0.0
60624,2,2.0,0.0,0.0,2.0,0.0
60624,2,2.0,0.0,0.0,2.0,0.0
60624,3,3.0,0.0,0.0,3.0,0.0
60624,1,1.0,0.0,0.0,1.0,0.0
60624,1,1.0,0.0,0.0,1.0,0.0
60624,3,3.0,0.0,0.0,3.0,0.0
60625,0,0.0,0.0,,0.0,
60625,2,2.0,0.0,0.0,2.01,0.001
60625,2,2.0,0.0,0.0,2.01,0.001
60625,1,1.0,0.0,0.0,1.0,0.0
60625,3,3.01,0.009999999999999787,0.3,3.08,0.0053
60625,1,1.0,0.0,0.0,1.0,0.0
60625,0,0.0,0.0,,0.0,
60625,2,2.0,0.0,0.0,2.01,0.001
60625,2,2.0,0.0,0.0,2.01,0.001
60625,1,1.0,0.0,0.0,1.0,0.0
60625,3,3.01,0.009999999999999787,0.3,3.08,0.0053
60625,1,1.0,0.0,0.0,1.0,0.0
60625,0,0.0,0.0,,0.0,
60625,2,2.0,0.0,0.0,2.01,0.001
60625,2,2.0,0.0,0.0,2.01,0.001
60625,1,1.0,0.0,0.0,1.0,0.0
60625,3,3.01,0.009999999999999787,0.3,3.08,0.0053
60625,1,1.0,0.0,0.0,1.0,0.0
60625,0,0.0,0.0,,0.0,
60625,2,2.0,0.0,0.0,2.01,0.001
60625,2,2.0,0.0,0.0,2.01,0.001
60625,1,1.0,0.0,0.0,1.0,0.0
60625,3,3.01,0.009999999999999787,0.3,3.08,0.0053
60625,1,1.0,0.0,0.0,1.0,0.0
60625,0,0.0,0.0,,0.0,
60625,2,2.0,0.0,0.0,2.01,0.001
60625,2,2.0,0.0,0.0,2.01,0.001
60625,1,1.0,0.0,0.0,1.0,0.0
60625,3,3.01,0.009999999999999787,0.3,3.08,0.0053
60625,1,1.0,0.0,0.0,1.0,0.0
60626,3,2.97,-0.029999999999999805,-1.0,2.97,-0.002
60626,1,1.0,0.0,0.0,1.0,0.0
60626,0,0.0,0.0,,0.0,
60626,2,2.0001612903225805,0.00016129032258049847,0.0,2.0101612903225803,0.001
60626,2,2.0001612903225805,0.00016129032258049847,0.0,2.0101612903225803,0.001
60626,1,1.0,0.0,0.0,1.0,0.0
60626,3,2.97,-0.029999999999999805,-1.0,2.97,-0.002
60626,1,1.0,0.0,0.0,1.0,0.0
60626,0,0.0,0.0,,0.0,
60626,2,2.0001612903225805,0.00016129032258049847,0.0,2.0101612903225803,0.001
60626,2,2.0001612903225805,0.00016129032258049847,0.0,2.0101612903225803,0.001
60626,1,1.0,0.0,0.0,1.0,0.0
60626,3,2.97,-0.029999999999999805,-1.0,2.97,-0.002
60626,1,1.0,0.0,0.0,1.0,0.0
60626,0,0.0,0.0,,0.0,
60626,2,2.0001612903225805,0.00016129032258049847,0.0,2.0101612903225803,0.001
60626,2,2.0001612903225805,0.00016129032258049847,0.0,2.0101612903225803,0.001
60626,1,1.0,0.0,0.0,1.0,0.0
60626,3,2.97,-0.029999999999999805,-1.0,2.97,-0.002
60626,1,1.0,0.0,0.0,1.0,0.0
60626,0,0.0,0.0,,0.0,
60626,2,2.0001612903225805,0.00016129032258049847,0.0,2.0101612903225803,0.001
60626,2,2.0001612903225805,0.00016129032258049847,0.0,2.0101612903225803,0.001
60626,1,1.0,0.0,0.0,1.0,0.0
60626,3,2.97,-0.029999999999999805,-1.0,2.97,-0.002
60626,1,1.0,0.0,0.0,1.0,0.0
60626,0,0.0,0.0,,0.0,
60626,2,2.0001612903225805,0.00016129032258049847,0.0,2.0101612903225803,0.001
60626,2,2.0001612903225805,0.00016129032258049847,0.0,2.0101612903225803,0.001
60626,1,1.0,0.0,0.0,1.0,0.0
60628,4,4.0,0.0,0.0,4.0,0.0
60628,4,4.0,0.0,0.0,4.0,0.0
60628,1,1.0,0.0,0.0,1.0,0.0
60628,0,0.0,0.0,,0.0,
60628,2,2.0,0.0,0.0,2.0,0.0
60628,1,1.0,0.0,0.0,1.0,0.0
60628,4,4.0,0.0,0.0,4.0,0.0
60628,4,4.0,0.0,0.0,4.0,0.0
60628,1,1.0,0.0,0.0,1.0,0.0
60628,0,0.0,0.0,,0.0,
60628,2,2.0,0.0,0.0,2.0,0.0
60628,1,1.0,0.0,0.0,1.0,0.0
60628,4,4.0,0.0,0.0,4.0,0.0
60628,4,4.0,0.0,0.0,4.0,0.0
60628,1,1.0,0.0,0.0,1.0,0.0
60628,0,0.0,0.0,,0.0,
60628,2,2.0,0.0,0.0,2.0,0.0
60628,1,1.0,0.0,0.0,1.0,0.0
60628,4,4.0,0.0,0.0,4.0,0.0
60628,4,4.0,0.0,0.0,4.0,0.0
60628,1,1.0,0.0,0.0,1.0,0.0
60628,0,0.0,0.0,,0.0,
60628,2,2.0,0.0,0.0,2.0,0.0
60628,1,1.0,0.0,0.0,1.0,0.0
60628,4,4.0,0.0,0.0,4.0,0.0
60628,4,4.0,0.0,0.0,4.0,0.0
60628,1,1.0,0.0,0.0,1.0,0.0
60628,0,0.0,0.0,,0.0,
60628,2,2.0,0.0,0.0,2.0,0.0
60628,1,1.0,0.0,0.0,1.0,0.0
60629,3,2.96,-0.040000000000000036,-1.3,2.96,-0.0027
60629,1,1.0,0.0,0.0,1.0,0.0
60629,1,1.0,0.0,0.0,1.0,0.0
60629,0,0.0,0.0,,0.0,
60629,1,1.0,0.0,0.0,1.0,0.0
60629,0,0.0,0.0,,0.0,
60629,3,2.96,-0.040000000000000036,-1.3,2.96,-0.0027
60629,1,1.0,0.0,0.0,1.0,0.0
60629,1,1.0,0.0,0.0,1.0,0.0
60629,0,0.0,0.0,,0.0,
60629,1,1.0,0.0,0.0,1.0,0.0
60629,0,0.0,0.0,,0.0,
60629,3,2.96,-0.040000000000000036,-1.3,2.96,-0.0027
60629,1,1.0,0.0,0.0,1.0,0.0
60629,1,1.0,0.0,0.0,1.0,0.0
60629,0,0.0,0.0,,0.0,
60629,1,1.0,0.0,0.0,1.0,0.0
60629,0,0.0,0.0,,0.0,
60629,3,2.96,-0.040000000000000036,-1.3,2.96,-0.0027
60629,1,1.0,0.0,0.0,1.0,0.0
60629,1,1.0,0.0,0.0,1.0,0.0
60629,0,0.0,0.0,,0.0,
60629,1,1.0,0.0,0.0,1.0,0.0
60629,0,0.0,0.0,,0.0,
60630,1,1.0,0.0,0.0,1.0,0.0
60630,2,2.0,0.0,0.0,2.0401612903225805,0.004
60630,0,0.0,0.0,,0.0,
60630,2,2.0,0.0,0.0,2.0401612903225805,0.004
60630,1,1.0,0.0,0.0,1.0,0.0
60630,1,1.0,0.0,0.0,1.0,0.0
60630,1,1.0,0.0,0.0,1.0,0.0
60630,2,2.0,0.0,0.0,2.0401612903225805,0.004
60630,0,0.0,0.0,,0.0,
60630,2,2.0,0.0,0.0,2.0401612903225805,0.004
60630,1,1.0,0.0,0.0,1.0,0.0
60630,1,1.0,0.0,0.0,1.0,0.0
60630,1,1.0,0.0,0.0,1.0,0.0
60630,2,2.0,0.0,0.0,2.0401612903225805,0.004
60630,0,0.0,0.0,,0.0,
60630,2,2.0,0.0,0.0,2.0401612903225805,0.004
60630,1,1.0,0.0,0.0,1.0,0.0
60630,1,1.0,0.0,0.0,1.0,0.0
60630,1,1.0,0.0,0.0,1.0,0.0
60630,2,2.0,0.0,0.0,2.0401612903225805,0.004
60630,0,0.0,0.0,,0.0,
60630,2,2.0,0.0,0.0,2.0401612903225805,0.004
60630,1,1.0,0.0,0.0,1.0,0.0
60630,1,1.0,0.0,0.0,1.0,0.0
60630,1,1.0,0.0,0.0,1.0,0.0
60630,2,2.0,0.0,0.0,2.0401612903225805,0.004
60630,0,0.0,0.0,,0.0,
60630,2,2.0,0.0,0.0,2.0401612903225805,0.004
60630,1,1.0,0.0,0.0,1.0,0.0
60630,1,1.0,0.0,0.0,1.0,0.0
60631,2,2.0,0.0,0.0,2.01,0.001
60631,1,1.0,0.0,0.0,1.0,0.0
60631,2,2.0,0.0,0.0,2.01,0.001
60631,0,0.0,0.0,,0.0,
60631,1,1.0,0.0,0.0,1.0,0.0
60631,1,1.0,0.0,0.0,1.0,0.0
60631,2,2.0,0.0,0.0,2.01,0.001
60631,1,1.0,0.0,0.0,1.0,0.0
60631,2,2.0,0.0,0.0,2.01,0.001
60631,0,0.0,0.0,,0.0,
60631,1,1.0,0.0,0.0,1.0,0.0
60631,1,1.0,0.0,0.0,1.0,0.0
60631,2,2.0,0.0,0.0,2.01,0.001
60631,1,1.0,0.0,0.0,1.0,0.0
60631,2,2.0,0.0,0.0,2.01,0.001
60631,0,0.0,0.0,,0.0,
60631,1,1.0,0.0,0.0,1.0,0.0
60631,1,1.0,0.0,0.0,1.0,0.0
60631,2,2.0,0.0,0.0,2.01,0.001
60631,1,1.0,0.0,0.0,1.0,0.0
60631,2,2.0,0.0,0.0,2.01,0.001
60631,0,0.0,0.0,,0.0,
60631,1,1.0,0.0,0.0,1.0,0.0
60631,1,1.0,0.0,0.0,1.0,0.0
60631,2,2.0,0.0,0.0,2.01,0.001
60631,1,1.0,0.0,0.0,1.0,0.0
60631,2,2.0,0.0,0.0,2.01,0.001
60631,0,0.0,0.0,,0.0,
60631,1,1.0,0.0,0.0,1.0,0.0
60631,1,1.0,0.0,0.0,1.0,0.0
60631,2,2.0,0.0,0.0,2.01,0.001
60631,1,1.0,0.0,0.0,1.0,0.0
60631,2,2.0,0.0,0.0,2.01,0.001
60631,0,0.0,0.0,,0.0,
60631,1,1.0,0.0,0.0,1.0,0.0
60631,1,1.0,0.0,0.0,1.0,0.0
60632,2,2.0001612903225805,0.00016129032258049847,0.0,2.0201612903225805,0.002
60632,1,1.0,0.0,0.0,1.0,0.0
60632,2,2.0001612903225805,0.00016129032258049847,0.0,2.0201612903225805,0.002
60632,2,2.0001612903225805,0.00016129032258049847,0.0,2.0201612903225805,0.002
60632,4,4.0,0.0,0.0,4.04,0.002
60632,2,2.0001612903225805,0.00016129032258049847,0.0,2.0201612903225805,0.002
60632,1,1.0,0.0,0.0,1.0,0.0
60632,2,2.0001612903225805,0.00016129032258049847,0.0,2.0201612903225805,0.002
60632,2,2.0001612903225805,0.00016129032258049847,0.0,2.0201612903225805,0.002
60632,4,4.0,0.0,0.0,4.04,0.002
60632,2,2.0001612903225805,0.00016129032258049847,0.0,2.0201612903225805,0.002
60632,1,1.0,0.0,0.0,1.0,0.0
60632,2,2.0001612903225805,0.00016129032258049847,0.0,2.0201612903225805,0.002
60632,2,2.0001612903225805,0.00016129032258049847,0.0,2.0201612903225805,0.002
60632,4,4.0,0.0,0.0,4.04,0.002
60632,2,2.0001612903225805,0.00016129032258049847,0.0,2.0201612903225805,0.002
60632,1,1.0,0.0,0.0,1.0,0.0
60632,2,2.0001612903225805,0.00016129032258049847,0.0,2.0201612903225805,0.002
60632,2,2.0001612903225805,0.00016129032258049847,0.0,2.0201612903225805,0.002
60632,4,4.0,0.0,0.0,4.04,0.002
60632,2,2.0001612903225805,0.00016129032258049847,0.0,2.0201612903225805,0.002
60632,1,1.0,0.0,0.0,1.0,0.0
60632,2,2.0001612903225805,0.00016129032258049847,0.0,2.0201612903225805,0.002
60632,2,2.0001612903225805,0.00016129032258049847,0.0,2.0201612903225805,0.002
60632,4,4.0,0.0,0.0,4.04,0.002
60633,1,1.0,0.0,0.0,1.0,0.0
60633,4,4.0,0.0,0.0,4.33,0.016
60633,1,1.0,0.0,0.0,1.0,0.0
60633,0,0.0,0.0,,0.0,
60633,1,1.0,0.0,0.0,1.0,0.0
60633,2,2.0,0.0,0.0,2.0,0.0
60633,1,1.0,0.0,0.0,1.0,0.0
60633,4,4.0,0.0,0.0,4.33,0.016
60633,1,1.0,0.0,0.0,1.0,0.0
60633,0,0.0,0.0,,0.0,
60633,1,1.0,0.0,0.0,1.0,0.0
60633,2,2.0,0.0,0.0,2.0,0.0
60633,1,1.0,0.0,0.0,1.0,0.0
60633,4,4.0,0.0,0.0,4.33,0.016
60633,1,1.0,0.0,0.0,1.0,0.0
60633,0,0.0,0.0,,0.0,
60633,1,1.0,0.0,0.0,1.0,0.0
60633,2,2.0,0.0,0.0,2.0,0.0
60633,1,1.0,0.0,0.0,1.0,0.0
60633,4,4.0,0.0,0.0,4.33,0.016
60633,1,1.0,0.0,0.0,1.0,0.0
60633,0,0.0,0.0,,0.0,
60633,1,1.0,0.0,0.0,1.0,0.0
60633,2,2.0,0.0,0.0,2.0,0.0
60633,1,1.0,0.0,0.0,1.0,0.0
60633,4,4.0,0.0,0.0,4.33,0.016
60633,1,1.0,0.0,0.0,1.0,0.0
60633,0,0.0,0.0,,0.0,
60633,1,1.0,0.0,0.0,1.0,0.0
60633,2,2.0,0.0,0.0,2.0,0.0
60633,1,1.0,0.0,0.0,1.0,0.0
60633,4,4.0,0.0,0.0,4.33,0.016
60633,1,1.0,0.0,0.0,1.0,0.0
60633,0,0.0,0.0,,0.0,
60633,1,1.0,0.0,0.0,1.0,0.0
60633,2,2.0,0.0,0.0,2.0,0.0
60634,1,1.0,0.0,0.0,1.0,0.0
60634,1,1.0,0.0,0.0,1.0,0.0
60634,1,1.0,0.0,0.0,1.0,0.0
60634,0,0.0,0.0,,0.0,
60634,1,1.0,0.0,0.0,1.0,0.0
60634,1,1.0,0.0,0.0,1.0,0.0
60634,1,1.0,0.0,0.0,1.0,0.0
60634,1,1.0,0.0,0.0,1.0,0.0
60634,1,1.0,0.0,0.0,1.0,0.0
60634,0,0.0,0.0,,0.0,
60634,1,1.0,0.0,0.0,1.0,0.0
60634,1,1.0,0.0,0.0,1.0,0.0
60634,1,1.0,0.0,0.0,1.0,0.0
60634,1,1.0,0.0,0.0,1.0,0.0
60634,1,1.0,0.0,0.0,1.0,0.0
60634,0,0.0,0.0,,0.0,
60634,1,1.0,0.0,0.0,1.0,0.0
60634,1,1.0,0.0,0.0,1.0,0.0
60634,1,1.0,0.0,0.0,1.0,0.0
60634,1,1.0,0.0,0.0,1.0,0.0
60634,1,1.0,0.0,0.0,1.0,0.0
60634,0,0.0,0.0,,0.0,
60634,1,1.0,0.0,0.0,1.0,0.0
60634,1,1.0,0.0,0.0,1.0,0.0
60634,1,1.0,0.0,0.0,1.0,0.0
60634,1,1.0,0.0,0.0,1.0,0.0
60634,1,1.0,0.0,0.0,1.0,0.0
60634,0,0.0,0.0,,0.0,
60634,1,1.0,0.0,0.0,1.0,0.0
60634,1,1.0,0.0,0.0,1.0,0.0
60634,1,1.0,0.0,0.0,1.0,0.0
60634,1,1.0,0.0,0.0,1.0,0.0
60634,1,1.0,0.0,0.0,1.0,0.0
60634,0,0.0,0.0,,0.0,
60634,1,1.0,0.0,0.0,1.0,0.0
60634,1,1.0,0.0,0.0,1.0,0.0
60636,3,3.0,0.0,0.0,2.97,-0.002
60636,3,3.0,0.0,0.0,2.97,-0.002
60636,2,2.0,0.0,0.0,2.0,0.0
60636,3,3.0,0.0,0.0,2.97,-0.002
60636,5,4.42,-0.5800000000000001,-11.6,4.4,-0.0252
60636,0,0.0,0.0,,0.0,
60636,3,3.0,0.0,0.0,2.97,-0.002
60636,3,3.0,0.0,0.0,2.97,-0.002
60636,2,2.0,0.0,0.0,2.0,0.0
60636,3,3.0,0.0,0.0,2.97,-0.002
60636,5,4.42,-0.5800000000000001,-11.6,4.4,-0.0252
60636,0,0.0,0.0,,0.0,
60636,3,3.0,0.0,0.0,2.97,-0.002
60636,3,3.0,0.0,0.0,2.97,-0.002
60636,2,2.0,0.0,0.0,2.0,0.0
60636,3,3.0,0.0,0.0,2.97,-0.002
60636,5,4.42,-0.5800000000000001,-11.6,4.4,-0.0252
60636,0,0.0,0.0,,0.0,
60636,3,3.0,0.0,0.0,2.97,-0.002
60636,3,3.0,0.0,0.0,2.97,-0.002
60636,2,2.0,0.0,0.0,2.0,0.0
60636,3,3.0,0.0,0.0,2.97,-0.002
60636,5,4.42,-0.5800000000000001,-11.6,4.4,-0.0252
60636,0,0.0,0.0,,0.0,
60636,3,3.0,0.0,0.0,2.97,-0.002
60636,3,3.0,0.0,0.0,2.97,-0.002
60636,2,2.0,0.0,0.0,2.0,0.0
60636,3,3.0,0.0,0.0,2.97,-0.002
60636,5,4.42,-0.5800000000000001,-11.6,4.4,-0.0252
60636,0,0.0,0.0,,0.0,
60637,3,2.99,-0.009999999999999787,-0.3,2.97,-0.002
60637,1,1.0,0.0,0.0,1.0,0.0
60637,1,1.0,0.0,0.0,1.0,0.0
60637,0,0.0,0.0,,0.0,
60637,1,1.0,0.0,0.0,1.0,0.0
60637,2,2.0,0.0,0.0,1.98,-0.002
60637,3,2.99,-0.009999999999999787,-0.3,2.97,-0.002
60637,1,1.0,0.0,0.0,1.0,0.0
60637,1,1.0,0.0,0.0,1.0,0.0
60637,0,0.0,0.0,,0.0,
60637,1,1.0,0.0,0.0,1.0,0.0
60637,2,2.0,0.0,0.0,1.98,-0.002
60637,3,2.99,-0.009999999999999787,-0.3,2.97,-0.002
60637,1,1.0,0.0,0.0,1.0,0.0
60637,1,1.0,0.0,0.0,1.0,0.0
60637,0,0.0,0.0,,0.0,
60637,1,1.0,0.0,0.0,1.0,0.0
60637,2,2.0,0.0,0.0,1.98,-0.002
60637,3,2.99,-0.009999999999999787,-0.3,2.97,-0.002
60637,1,1.0,0.0,0.0,1.0,0.0
60637,1,1.0,0.0,0.0,1.0,0.0
60637,0,0.0,0.0,,0.0,
60637,1,1.0,0.0,0.0,1.0,0.0
60637,2,2.0,0.0,0.0,1.98,-0.002
60637,3,2.99,-0.009999999999999787,-0.3,2.97,-0.002
60637,1,1.0,0.0,0.0,1.0,0.0
60637,1,1.0,0.0,0.0,1.0,0.0
60637,0,0.0,0.0,,0.0,
60637,1,1.0,0.0,0.0,1.0,0.0
60637,2,2.0,0.0,0.0,1.98,-0.002
60637,3,2.99,-0.009999999999999787,-0.3,2.97,-0.002
60637,1,1.0,0.0,0.0,1.0,0.0
60637,1,1.0,0.0,0.0,1.0,0.0
60637,0,0.0,0.0,,0.0,
60637,1,1.0,0.0,0.0,1.0,0.0
60637,2,2.0,0.0,0.0,1.98,-0.002
60638,1,1.0,0.0,0.0,1.0,0.0
60638,1,1.0,0.0,0.0,1.0,0.0
60638,1,1.0,0.0,0.0,1.0,0.0
60638,1,1.0,0.0,0.0,1.0,0.0
60638,1,1.0,0.0,0.0,1.0,0.0
60638,2,2.0,0.0,0.0,2.0,0.0
60638,1,1.0,0.0,0.0,1.0,0.0
60638,1,1.0,0.0,0.0,1.0,0.0
60638,1,1.0,0.0,0.0,1.0,0.0
60638,1,1.0,0.0,0.0,1.0,0.0
60638,1,1.0,0.0,0.0,1.0,0.0
60638,2,2.0,0.0,0.0,2.0,0.0
60638,1,1.0,0.0,0.0,1.0,0.0
60638,1,1.0,0.0,0.0,1.0,0.0
60638,1,1.0,0.0,0.0,1.0,0.0
60638,1,1.0,0.0,0.0,1.0,0.0
60638,1,1.0,0.0,0.0,1.0,0.0
60638,2,2.0,0.0,0.0,2.0,0.0
60638,1,1.0,0.0,0.0,1.0,0.0
60638,1,1.0,0.0,0.0,1.0,0.0
60638,1,1.0,0.0,0.0,1.0,0.0
60638,1,1.0,0.0,0.0,1.0,0.0
60638,1,1.0,0.0,0.0,1.0,0.0
60638,2,2.0,0.0,0.0,2.0,0.0
60638,1,1.0,0.0,0.0,1.0,0.0
60638,1,1.0,0.0,0.0,1.0,0.0
60638,1,1.0,0.0,0.0,1.0,0.0
60638,1,1.0,0.0,0.0,1.0,0.0
60638,1,1.0,0.0,0.0,1.0,0.0
60638,2,2.0,0.0,0.0,2.0,0.0
60639,1,1.0,0.0,0.0,1.0,0.0
60639,0,0.0,0.0,,0.0,
60639,1,1.0,0.0,0.0,1.0,0.0
60639,1,1.0,0.0,0.0,1.0,0.0
60639,3,3.0,0.0,0.0,3.01,0.0007
60639,1,1.0,0.0,0.0,1.0,0.0
60639,1,1.0,0.0,0.0,1.0,0.0
60639,0,0.0,0.0,,0.0,
60639,1,1.0,0.0,0.0,1.0,0.0
60639,1,1.0,0.0,0.0,1.0,0.0
60639,3,3.0,0.0,0.0,3.01,0.0007
60639,1,1.0,0.0,0.0,1.0,0.0
60639,1,1.0,0.0,0.0,1.0,0.0
60639,0,0.0,0.0,,0.0,
60639,1,1.0,0.0,0.0,1.0,0.0
60639,1,1.0,0.0,0.0,1.0,0.0
60639,3,3.0,0.0,0.0,3.01,0.0007
60639,1,1.0,0.0,0.0,1.0,0.0
60639,1,1.0,0.0,0.0,1.0,0.0
60639,0,0.0,0.0,,0.0,
60639,1,1.0,0.0,0.0,1.0,0.0
60639,1,1.0,0.0,0.0,1.0,0.0
60639,3,3.0,0.0,0.0,3.01,0.0007
60639,1,1.0,0.0,0.0,1.0,0.0
60639,1,1.0,0.0,0.0,1.0,0.0
60639,0,0.0,0.0,,0.0,
60639,1,1.0,0.0,0.0,1.0,0.0
60639,1,1.0,0.0,0.0,1.0,0.0
60639,3,3.0,0.0,0.0,3.01,0.0007
60639,1,1.0,0.0,0.0,1.0,0.0
60639,1,1.0,0.0,0.0,1.0,0.0
60639,0,0.0,0.0,,0.0,
60639,1,1.0,0.0,0.0,1.0,0.0
60639,1,1.0,0.0,0.0,1.0,0.0
60639,3,3.0,0.0,0.0,3.01,0.0007
60639,1,1.0,0.0,0.0,1.0,0.0
60640,0,0.0,0.0,,0.0,
60640,0,0.0,0.0,,0.0,
60640,2,2.0,0.0,0.0,2.08,0.0079
60640,2,2.0,0.0,0.0,2.08,0.0079
60640,2,2.0,0.0,0.0,2.08,0.0079
60640,3,3.0,0.0,0.0,2.95,-0.0034
60640,0,0.0,0.0,,0.0,
60640,0,0.0,0.0,,0.0,
60640,2,2.0,0.0,0.0,2.08,0.0079
60640,2,2.0,0.0,0.0,2.08,0.0079
60640,2,2.0,0.0,0.0,2.08,0.0079
60640,3,3.0,0.0,0.0,2.95,-0.0034
60640,0,0.0,0.0,,0.0,
60640,0,0.0,0.0,,0.0,
60640,2,2.0,0.0,0.0,2.08,0.0079
60640,2,2.0,0.0,0.0,2.08,0.0079
60640,2,2.0,0.0,0.0,2.08,0.0079
60640,3,3.0,0.0,0.0,2.95,-0.0034
60640,0,0.0,0.0,,0.0,
60640,0,0.0,0.0,,0.0,
60640,2,2.0,0.0,0.0,2.08,0.0079
60640,2,2.0,0.0,0.0,2.08,0.0079
60640,2,2.0,0.0,0.0,2.08,0.0079
60640,3,3.0,0.0,0.0,2.95,-0.0034
60640,0,0.0,0.0,,0.0,
60640,0,0.0,0.0,,0.0,
60640,2,2.0,0.0,0.0,2.08,0.0079
60640,2,2.0,0.0,0.0,2.08,0.0079
60640,2,2.0,0.0,0.0,2.08,0.0079
60640,3,3.0,0.0,0.0,2.95,-0.0034
60641,0,0.0,0.0,,0.0,
60641,0,0.0,0.0,,0.0,
60641,0,0.0,0.0,,0.0,
60641,1,1.0,0.0,0.0,1.0,0.0
60641,1,1.0,0.0,0.0,1.0,0.0
60641,2,2.0,0.0,0.0,2.03,0.003
60641,0,0.0,0.0,,0.0,
60641,0,0.0,0.0,,0.0,
60641,0,0.0,0.0,,0.0,
60641,1,1.0,0.0,0.0,1.0,0.0
60641,1,1.0,0.0,0.0,1.0,0.0
60641,2,2.0,0.0,0.0,2.03,0.003
60641,0,0.0,0.0,,0.0,
60641,0,0.0,0.0,,0.0,
60641,0,0.0,0.0,,0.0,
60641,1,1.0,0.0,0.0,1.0,0.0
60641,1,1.0,0.0,0.0,1.0,0.0
60641,2,2.0,0.0,0.0,2.03,0.003
60641,0,0.0,0.0,,0.0,
60641,0,0.0,0.0,,0.0,
60641,0,0.0,0.0,,0.0,
60641,1,1.0,0.0,0.0,1.0,0.0
60641,1,1.0,0.0,0.0,1.0,0.0
60641,2,2.0,0.0,0.0,2.03,0.003
60641,0,0.0,0.0,,0.0,
60641,0,0.0,0.0,,0.0,
60641,0,0.0,0.0,,0.0,
60641,1,1.0,0.0,0.0,1.0,0.0
60641,1,1.0,0.0,0.0,1.0,0.0
60641,2,2.0,0.0,0.0,2.03,0.003
60641,0,0.0,0.0,,0.0,
60641,0,0.0,0.0,,0.0,
60641,0,0.0,0.0,,0.0,
60641,1,1.0,0.0,0.0,1.0,0.0
60641,1,1.0,0.0,0.0,1.0,0.0
60641,2,2.0,0.0,0.0,2.03,0.003
60642,0,0.0,0.0,,0.0,
60642,0,0.0,0.0,,0.0,
60642,1,1.0,0.0,0.0,1.0,0.0
60642,3,3.0,0.0,0.0,3.0,0.0
60642,2,2.0,0.0,0.0,2.0,0.0
60642,2,2.0,0.0,0.0,2.0,0.0
60642,0,0.0,0.0,,0.0,
60642,0,0.0,0.0,,0.0,
60642,1,1.0,0.0,0.0,1.0,0.0
60642,3,3.0,0.0,0.0,3.0,0.0
60642,2,2.0,0.0,0.0,2.0,0.0
60642,2,2.0,0.0,0.0,2.0,0.0
60642,0,0.0,0.0,,0.0,
60642,0,0.0,0.0,,0.0,
60642,1,1.0,0.0,0.0,1.0,0.0
60642,3,3.0,0.0,0.0,3.0,0.0
60642,2,2.0,0.0,0.0,2.0,0.0
60642,2,2.0,0.0,0.0,2.0,0.0
60642,0,0.0,0.0,,0.0,
60642,0,0.0,0.0,,0.0,
60642,1,1.0,0.0,0.0,1.0,0.0
60642,3,3.0,0.0,0.0,3.0,0.0
60642,2,2.0,0.0,0.0,2.0,0.0
60642,2,2.0,0.0,0.0,2.0,0.0
60643,0,0.0,0.0,,0.0,
60643,0,0.0,0.0,,0.0,
60643,0,0.0,0.0,,0.0,
60643,1,1.0,0.0,0.0,1.01,0.002
60643,1,1.0,0.0,0.0,1.01,0.002
60643,2,2.0,0.0,0.0,2.01,0.001
60643,0,0.0,0.0,,0.0,
60643,0,0.0,0.0,,0.0,
60643,0,0.0,0.0,,0.0,
60643,1,1.0,0.0,0.0,1.01,0.002
60643,1,1.0,0.0,0.0,1.01,0.002
60643,2,2.0,0.0,0.0,2.01,0.001
60643,0,0.0,0.0,,0.0,
60643,0,0.0,0.0,,0.0,
60643,0,0.0,0.0,,0.0,
60643,1,1.0,0.0,0.0,1.01,0.002
60643,1,1.0,0.0,0.0,1.01,0.002
60643,2,2.0,0.0,0.0,2.01,0.001
60643,0,0.0,0.0,,0.0,
60643,0,0.0,0.0,,0.0,
60643,0,0.0,0.0,,0.0,
60643,1,1.0,0.0,0.0,1.01,0.002
60643,1,1.0,0.0,0.0,1.01,0.002
60643,2,2.0,0.0,0.0,2.01,0.001
60643,0,0.0,0.0,,0.0,
60643,0,0.0,0.0,,0.0,
60643,0,0.0,0.0,,0.0,
60643,1,1.0,0.0,0.0,1.01,0.002
60643,1,1.0,0.0,0.0,1.01,0.002
60643,2,2.0,0.0,0.0,2.01,0.001
60644,1,1.0,0.0,0.0,1.0,0.0
60644,1,1.0,0.0,0.0,1.0,0.0
60644,0,0.0,0.0,,0.0,
60644,2,2.0,0.0,0.0,2.02,0.002
60644,1,1.0,0.0,0.0,1.0,0.0
60644,3,3.0,0.0,0.0,3.08,0.0053
60644,1,1.0,0.0,0.0,1.0,0.0
60644,1,1.0,0.0,0.0,1.0,0.0
60644,0,0.0,0.0,,0.0,
60644,2,2.0,0.0,0.0,2.02,0.002
60644,1,1.0,0.0,0.0,1.0,0.0
60644,3,3.0,0.0,0.0,3.08,0.0053
60644,1,1.0,0.0,0.0,1.0,0.0
60644,1,1.0,0.0,0.0,1.0,0.0
60644,0,0.0,0.0,,0.0,
60644,2,2.0,0.0,0.0,2.02,0.002
60644,1,1.0,0.0,0.0,1.0,0.0
60644,3,3.0,0.0,0.0,3.08,0.0053
60644,1,1.0,0.0,0.0,1.0,0.0
60644,1,1.0,0.0,0.0,1.0,0.0
60644,0,0.0,0.0,,0.0,
60644,2,2.0,0.0,0.0,2.02,0.002
60644,1,1.0,0.0,0.0,1.0,0.0
60644,3,3.0,0.0,0.0,3.08,0.0053
60644,1,1.0,0.0,0.0,1.0,0.0
60644,1,1.0,0.0,0.0,1.0,0.0
60644,0,0.0,0.0,,0.0,
60644,2,2.0,0.0,0.0,2.02,0.002
60644,1,1.0,0.0,0.0,1.0,0.0
60644,3,3.0,0.0,0.0,3.08,0.0053
60645,2,2.0,0.0,0.0,2.0,0.0
60645,1,1.0,0.0,0.0,1.0,0.0
60645,3,3.0,0.0,0.0,3.25,0.0161
60645,3,3.0,0.0,0.0,3.25,0.0161
60645,3,3.0,0.0,0.0,3.25,0.0161
60645,1,1.0,0.0,0.0,1.0,0.0
60645,2,2.0,0.0,0.0,2.0,0.0
60645,1,1.0,0.0,0.0,1.0,0.0
60645,3,3.0,0.0,0.0,3.25,0.0161
60645,3,3.0,0.0,0.0,3.25,0.0161
60645,3,3.0,0.0,0.0,3.25,0.0161
60645,1,1.0,0.0,0.0,1.0,0.0
60645,2,2.0,0.0,0.0,2.0,0.0
60645,1,1.0,0.0,0.0,1.0,0.0
60645,3,3.0,0.0,0.0,3.25,0.0161
60645,3,3.0,0.0,0.0,3.25,0.0161
60645,3,3.0,0.0,0.0,3.25,0.0161
60645,1,1.0,0.0,0.0,1.0,0.0
60645,2,2.0,0.0,0.0,2.0,0.0
60645,1,1.0,0.0,0.0,1.0,0.0
60645,3,3.0,0.0,0.0,3.25,0.0161
60645,3,3.0,0.0,0.0,3.25,0.0161
60645,3,3.0,0.0,0.0,3.25,0.0161
60645,1,1.0,0.0,0.0,1.0,0.0
60645,2,2.0,0.0,0.0,2.0,0.0
60645,1,1.0,0.0,0.0,1.0,0.0
60645,3,3.0,0.0,0.0,3.25,0.0161
60645,3,3.0,0.0,0.0,3.25,0.0161
60645,3,3.0,0.0,0.0,3.25,0.0161
60645,1,1.0,0.0,0.0,1.0,0.0
60646,2,2.0,0.0,0.0,2.0,0.0
60646,2,2.0,0.0,0.0,2.0,0.0
60646,3,3.0,0.0,0.0,3.0,0.0
60646,2,2.0,0.0,0.0,2.0,0.0
60646,2,2.0,0.0,0.0,2.0,0.0
60646,2,2.0,0.0,0.0,2.0,0.0
60646,2,2.0,0.0,0.0,2.0,0.0
60646,3,3.0,0.0,0.0,3.0,0.0
60646,2,2.0,0.0,0.0,2.0,0.0
60646,2,2.0,0.0,0.0,2.0,0.0
60646,2,2.0,0.0,0.0,2.0,0.0
60646,2,2.0,0.0,0.0,2.0,0.0
60646,3,3.0,0.0,0.0,3.0,0.0
60646,2,2.0,0.0,0.0,2.0,0.0
60646,2,2.0,0.0,0.0,2.0,0.0
60646,2,2.0,0.0,0.0,2.0,0.0
60646,2,2.0,0.0,0.0,2.0,0.0
60646,3,3.0,0.0,0.0,3.0,0.0
60646,2,2.0,0.0,0.0,2.0,0.0
60646,2,2.0,0.0,0.0,2.0,0.0
60646,2,2.0,0.0,0.0,2.0,0.0
60646,2,2.0,0.0,0.0,2.0,0.0
60646,3,3.0,0.0,0.0,3.0,0.0
60646,2,2.0,0.0,0.0,2.0,0.0
60646,2,2.0,0.0,0.0,2.0,0.0
60647,2,2.0,0.0,0.0,2.01,0.001
60647,1,1.0,0.0,0.0,1.04,0.0079
60647,1,1.0,0.0,0.0,1.04,0.0079
60647,4,4.0,0.0,0.0,4.0,0.0
60647,1,1.0,0.0,0.0,1.04,0.0079
60647,1,1.0,0.0,0.0,1.04,0.0079
60647,2,2.0,0.0,0.0,2.01,0.001
60647,1,1.0,0.0,0.0,1.04,0.0079
60647,1,1.0,0.0,0.0,1.04,0.0079
60647,4,4.0,0.0,0.0,4.0,0.0
60647,1,1.0,0.0,0.0,1.04,0.0079
60647,1,1.0,0.0,0.0,1.04,0.0079
60647,2,2.0,0.0,0.0,2.01,0.001
60647,1,1.0,0.0,0.0,1.04,0.0079
60647,1,1.0,0.0,0.0,1.04,0.0079
60647,4,4.0,0.0,0.0,4.0,0.0
60647,1,1.0,0.0,0.0,1.04,0.0079
60647,1,1.0,0.0,0.0,1.04,0.0079
60647,2,2.0,0.0,0.0,2.01,0.001
60647,1,1.0,0.0,0.0,1.04,0.0079
60647,1,1.0,0.0,0.0,1.04,0.0079
60647,4,4.0,0.0,0.0,4.0,0.0
60647,1,1.0,0.0,0.0,1.04,0.0079
60647,1,1.0,0.0,0.0,1.04,0.0079
60647,2,2.0,0.0,0.0,2.01,0.001
60647,1,1.0,0.0,0.0,1.04,0.0079
60647,1,1.0,0.0,0.0,1.04,0.0079
60647,4,4.0,0.0,0.0,4.0,0.0
60647,1,1.0,0.0,0.0,1.04,0.0079
60647,1,1.0,0.0,0.0,1.04,0.0079
60647,2,2.0,0.0,0.0,2.01,0.001
60647,1,1.0,0.0,0.0,1.04,0.0079
60647,1,1.0,0.0,0.0,1.04,0.0079
60647,4,4.0,0.0,0.0,4.0,0.0
60647,1,1.0,0.0,0.0,1.04,0.0079
60647,1,1.0,0.0,0.0,1.04,0.0079
60649,0,0.0,0.0,,0.0,
60649,2,2.0,0.0,0.0,2.01,0.001
60649,1,1.0,0.0,0.0,1.0,0.0
60649,2,2.0,0.0,0.0,2.01,0.001
60649,2,2.0,0.0,0.0,2.01,0.001
60649,2,2.0,0.0,0.0,2.01,0.001
60649,0,0.0,0.0,,0.0,
60649,2,2.0,0.0,0.0,2.01,0.001
60649,1,1.0,0.0,0.0,1.0,0.0
60649,2,2.0,0.0,0.0,2.01,0.001
60649,2,2.0,0.0,0.0,2.01,0.001
60649,2,2.0,0.0,0.0,2.01,0.001
60649,0,0.0,0.0,,0.0,
60649,2,2.0,0.0,0.0,2.01,0.001
60649,1,1.0,0.0,0.0,1.0,0.0
60649,2,2.0,0.0,0.0,2.01,0.001
60649,2,2.0,0.0,0.0,2.01,0.001
60649,2,2.0,0.0,0.0,2.01,0.001
60649,0,0.0,0.0,,0.0,
60649,2,2.0,0.0,0.0,2.01,0.001
60649,1,1.0,0.0,0.0,1.0,0.0
60649,2,2.0,0.0,0.0,2.01,0.001
60649,2,2.0,0.0,0.0,2.01,0.001
60649,2,2.0,0.0,0.0,2.01,0.001
60649,0,0.0,0.0,,0.0,
60649,2,2.0,0.0,0.0,2.01,0.001
60649,1,1.0,0.0,0.0,1.0,0.0
60649,2,2.0,0.0,0.0,2.01,0.001
60649,2,2.0,0.0,0.0,2.01,0.001
60649,2,2.0,0.0,0.0,2.01,0.001
60651,0,0.0,0.0,,0.0,
60651,0,0.0,0.0,,0.0,
60651,1,1.0,0.0,0.0,1.0,0.0
60651,4,4.0,0.0,0.0,4.0,0.0
60651,4,4.0,0.0,0.0,4.0,0.0
60651,6,5.98,-0.019999999999999574,-0.3,5.94,-0.002
60651,0,0.0,0.0,,0.0,
60651,0,0.0,0.0,,0.0,
60651,1,1.0,0.0,0.0,1.0,0.0
60651,4,4.0,0.0,0.0,4.0,0.0
60651,4,4.0,0.0,0.0,4.0,0.0
60651,6,5.98,-0.019999999999999574,-0.3,5.94,-0.002
60651,0,0.0,0.0,,0.0,
60651,0,0.0,0.0,,0.0,
60651,1,1.0,0.0,0.0,1.0,0.0
60651,4,4.0,0.0,0.0,4.0,0.0
60651,4,4.0,0.0,0.0,4.0,0.0
60651,6,5.98,-0.019999999999999574,-0.3,5.94,-0.002
60651,0,0.0,0.0,,0.0,
60651,0,0.0,0.0,,0.0,
60651,1,1.0,0.0,0.0,1.0,0.0
60651,4,4.0,0.0,0.0,4.0,0.0
60651,4,4.0,0.0,0.0,4.0,0.0
60651,6,5.98,-0.019999999999999574,-0.3,5.94,-0.002
60651,0,0.0,0.0,,0.0,
60651,0,0.0,0.0,,0.0,
60651,1,1.0,0.0,0.0,1.0,0.0
60651,4,4.0,0.0,0.0,4.0,0.0
60651,4,4.0,0.0,0.0,4.0,0.0
60651,6,5.98,-0.019999999999999574,-0.3,5.94,-0.002
60651,0,0.0,0.0,,0.0,
60651,0,0.0,0.0,,0.0,
60651,1,1.0,0.0,0.0,1.0,0.0
60651,4,4.0,0.0,0.0,4.0,0.0
60651,4,4.0,0.0,0.0,4.0,0.0
60651,6,5.98,-0.019999999999999574,-0.3,5.94,-0.002
60652,3,3.0,0.0,0.0,3.43,0.0272
60652,0,0.0,0.0,,0.0,
60652,1,1.0,0.0,0.0,1.0,0.0
60652,0,0.0,0.0,,0.0,
60652,2,2.0,0.0,0.0,2.0,0.0
60652,2,2.0,0.0,0.0,2.0,0.0
60652,3,3.0,0.0,0.0,3.43,0.0272
60652,0,0.0,0.0,,0.0,
60652,1,1.0,0.0,0.0,1.0,0.0
60652,0,0.0,0.0,,0.0,
60652,2,2.0,0.0,0.0,2.0,0.0
60652,2,2.0,0.0,0.0,2.0,0.0
60652,3,3.0,0.0,0.0,3.43,0.0272
60652,0,0.0,0.0,,0.0,
60652,1,1.0,0.0,0.0,1.0,0.0
60652,0,0.0,0.0,,0.0,
60652,2,2.0,0.0,0.0,2.0,0.0
60652,2,2.0,0.0,0.0,2.0,0.0
60652,3,3.0,0.0,0.0,3.43,0.0272
60652,0,0.0,0.0,,0.0,
60652,1,1.0,0.0,0.0,1.0,0.0
60652,0,0.0,0.0,,0.0,
60652,2,2.0,0.0,0.0,2.0,0.0
60652,2,2.0,0.0,0.0,2.0,0.0
60652,3,3.0,0.0,0.0,3.43,0.0272
60652,0,0.0,0.0,,0.0,
60652,1,1.0,0.0,0.0,1.0,0.0
60652,0,0.0,0.0,,0.0,
60652,2,2.0,0.0,0.0,2.0,0.0
60652,2,2.0,0.0,0.0,2.0,0.0
60652,3,3.0,0.0,0.0,3.43,0.0272
60652,0,0.0,0.0,,0.0,
60652,1,1.0,0.0,0.0,1.0,0.0
60652,0,0.0,0.0,,0.0,
60652,2,2.0,0.0,0.0,2.0,0.0
60652,2,2.0,0.0,0.0,2.0,0.0
60653,1,1.0,0.0,0.0,1.0,0.0
60653,3,2.99,-0.009999999999999787,-0.3,3.0,0.0
60653,1,1.0,0.0,0.0,1.0,0.0
60653,1,1.0,0.0,0.0,1.0,0.0
60653,1,1.0,0.0,0.0,1.0,0.0
60653,2,2.01,0.009999999999999787,0.5,2.16,0.0155
60653,1,1.0,0.0,0.0,1.0,0.0
60653,3,2.99,-0.009999999999999787,-0.3,3.0,0.0
60653,1,1.0,0.0,0.0,1.0,0.0
60653,1,1.0,0.0,0.0,1.0,0.0
60653,1,1.0,0.0,0.0,1.0,0.0
60653,2,2.01,0.009999999999999787,0.5,2.16,0.0155
60653,1,1.0,0.0,0.0,1.0,0.0
60653,3,2.99,-0.009999999999999787,-0.3,3.0,0.0
60653,1,1.0,0.0,0.0,1.0,0.0
60653,1,1.0,0.0,0.0,1.0,0.0
60653,1,1.0,0.0,0.0,1.0,0.0
60653,2,2.01,0.009999999999999787,0.5,2.16,0.0155
60653,1,1.0,0.0,0.0,1.0,0.0
60653,3,2.99,-0.009999999999999787,-0.3,3.0,0.0
60653,1,1.0,0.0,0.0,1.0,0.0
60653,1,1.0,0.0,0.0,1.0,0.0
60653,1,1.0,0.0,0.0,1.0,0.0
60653,2,2.01,0.009999999999999787,0.5,2.16,0.0155
60653,1,1.0,0.0,0.0,1.0,0.0
60653,3,2.99,-0.009999999999999787,-0.3,3.0,0.0
60653,1,1.0,0.0,0.0,1.0,0.0
60653,1,1.0,0.0,0.0,1.0,0.0
60653,1,1.0,0.0,0.0,1.0,0.0
60653,2,2.01,0.009999999999999787,0.5,2.16,0.0155
60653,1,1.0,0.0,0.0,1.0,0.0
60653,3,2.99,-0.009999999999999787,-0.3,3.0,0.0
60653,1,1.0,0.0,0.0,1.0,0.0
60653,1,1.0,0.0,0.0,1.0,0.0
60653,1,1.0,0.0,0.0,1.0,0.0
60653,2,2.01,0.009999999999999787,0.5,2.16,0.0155
60654,1,1.0,0.0,0.0,1.05,0.0098
60654,0,0.0,0.0,,0.0,
60654,2,2.0,0.0,0.0,2.19,0.0183
60654,2,2.0,0.0,0.0,2.19,0.0183
60654,3,3.0,0.0,0.0,3.01,0.0007
60654,1,1.0,0.0,0.0,1.05,0.0098
60654,0,0.0,0.0,,0.0,
60654,2,2.0,0.0,0.0,2.19,0.0183
60654,2,2.0,0.0,0.0,2.19,0.0183
60654,3,3.0,0.0,0.0,3.01,0.0007
60654,1,1.0,0.0,0.0,1.05,0.0098
60654,0,0.0,0.0,,0.0,
60654,2,2.0,0.0,0.0,2.19,0.0183
60654,2,2.0,0.0,0.0,2.19,0.0183
60654,3,3.0,0.0,0.0,3.01,0.0007
60654,1,1.0,0.0,0.0,1.05,0.0098
60654,0,0.0,0.0,,0.0,
60654,2,2.0,0.0,0.0,2.19,0.0183
60654,2,2.0,0.0,0.0,2.19,0.0183
60654,3,3.0,0.0,0.0,3.01,0.0007
60654,1,1.0,0.0,0.0,1.05,0.0098
60654,0,0.0,0.0,,0.0,
60654,2,2.0,0.0,0.0,2.19,0.0183
60654,2,2.0,0.0,0.0,2.19,0.0183
60654,3,3.0,0.0,0.0,3.01,0.0007
60655,4,4.0,0.0,0.0,4.39,0.0188
60655,2,2.0,0.0,0.0,2.02,0.002
60655,2,2.0,0.0,0.0,2.02,0.002
60655,1,1.0,0.0,0.0,1.0,0.0
60655,1,1.0,0.0,0.0,1.0,0.0
60655,4,4.0,0.0,0.0,4.39,0.0188
60655,2,2.0,0.0,0.0,2.02,0.002
60655,2,2.0,0.0,0.0,2.02,0.002
60655,1,1.0,0.0,0.0,1.0,0.0
60655,1,1.0,0.0,0.0,1.0,0.0
60655,4,4.0,0.0,0.0,4.39,0.0188
60655,2,2.0,0.0,0.0,2.02,0.002
60655,2,2.0,0.0,0.0,2.02,0.002
60655,1,1.0,0.0,0.0,1.0,0.0
60655,1,1.0,0.0,0.0,1.0,0.0
60655,4,4.0,0.0,0.0,4.39,0.0188
60655,2,2.0,0.0,0.0,2.02,0.002
60655,2,2.0,0.0,0.0,2.02,0.002
60655,1,1.0,0.0,0.0,1.0,0.0
60655,1,1.0,0.0,0.0,1.0,0.0
60655,4,4.0,0.0,0.0,4.39,0.0188
60655,2,2.0,0.0,0.0,2.02,0.002
60655,2,2.0,0.0,0.0,2.02,0.002
60655,1,1.0,0.0,0.0,1.0,0.0
60655,1,1.0,0.0,0.0,1.0,0.0
60656,3,3.0,0.0,0.0,3.01,0.0007
60656,0,0.0,0.0,,0.0,
60656,1,1.0,0.0,0.0,1.0,0.0
60656,4,4.0,0.0,0.0,4.0,0.0
60656,1,1.0,0.0,0.0,1.0,0.0
60656,0,0.0,0.0,,0.0,
60656,3,3.0,0.0,0.0,3.01,0.0007
60656,0,0.0,0.0,,0.0,
60656,1,1.0,0.0,0.0,1.0,0.0
60656,4,4.0,0.0,0.0,4.0,0.0
60656,1,1.0,0.0,0.0,1.0,0.0
60656,0,0.0,0.0,,0.0,
60656,3,3.0,0.0,0.0,3.01,0.0007
60656,0,0.0,0.0,,0.0,
60656,1,1.0,0.0,0.0,1.0,0.0
60656,4,4.0,0.0,0.0,4.0,0.0
60656,1,1.0,0.0,0.0,1.0,0.0
60656,0,0.0,0.0,,0.0,
60656,3,3.0,0.0,0.0,3.01,0.0007
60656,0,0.0,0.0,,0.0,
60656,1,1.0,0.0,0.0,1.0,0.0
60656,4,4.0,0.0,0.0,4.0,0.0
60656,1,1.0,0.0,0.0,1.0,0.0
60656,0,0.0,0.0,,0.0,
60657,2,2.0,0.0,0.0,2.01,0.001
60657,0,0.0,0.0,,0.0,
60657,3,3.0,0.0,0.0,3.02,0.0013
60657,2,2.0,0.0,0.0,2.01,0.001
60657,2,2.0,0.0,0.0,2.01,0.001
60657,5,5.0,0.0,0.0,4.96,-0.0016
60657,2,2.0,0.0,0.0,2.01,0.001
60657,0,0.0,0.0,,0.0,
60657,3,3.0,0.0,0.0,3.02,0.0013
60657,2,2.0,0.0,0.0,2.01,0.001
60657,2,2.0,0.0,0.0,2.01,0.001
60657,5,5.0,0.0,0.0,4.96,-0.0016
60657,2,2.0,0.0,0.0,2.01,0.001
60657,0,0.0,0.0,,0.0,
60657,3,3.0,0.0,0.0,3.02,0.0013
60657,2,2.0,0.0,0.0,2.01,0.001
60657,2,2.0,0.0,0.0,2.01,0.001
60657,5,5.0,0.0,0.0,4.96,-0.0016
60657,2,2.0,0.0,0.0,2.01,0.001
60657,0,0.0,0.0,,0.0,
60657,3,3.0,0.0,0.0,3.02,0.0013
60657,2,2.0,0.0,0.0,2.01,0.001
60657,2,2.0,0.0,0.0,2.01,0.001
60657,5,5.0,0.0,0.0,4.96,-0.0016
60657,2,2.0,0.0,0.0,2.01,0.001
60657,0,0.0,0.0,,0.0,
60657,3,3.0,0.0,0.0,3.02,0.0013
60657,2,2.0,0.0,0.0,2.01,0.001
60657,2,2.0,0.0,0.0,2.01,0.001
60657,5,5.0,0.0,0.0,4.96,-0.0016
60659,3,2.95,-0.04999999999999982,-1.7,3.0,0.0
60659,4,4.0,0.0,0.0,4.0,0.0
60659,4,4.0,0.0,0.0,4.0,0.0
60659,2,2.01,0.009999999999999787,0.5,2.0501612903225803,0.005
60659,0,0.0,0.0,,0.0,
60659,1,1.0,0.0,0.0,1.0,0.0
60659,3,2.95,-0.04999999999999982,-1.7,3.0,0.0
60659,4,4.0,0.0,0.0,4.0,0.0
60659,4,4.0,0.0,0.0,4.0,0.0
60659,2,2.01,0.009999999999999787,0.5,2.0501612903225803,0.005
60659,0,0.0,0.0,,0.0,
60659,1,1.0,0.0,0.0,1.0,0.0
60659,3,2.95,-0.04999999999999982,-1.7,3.0,0.0
60659,4,4.0,0.0,0.0,4.0,0.0
60659,4,4.0,0.0,0.0,4.0,0.0
60659,2,2.01,0.009999999999999787,0.5,2.0501612903225803,0.005
60659,0,0.0,0.0,,0.0,
60659,1,1.0,0.0,0.0,1.0,0.0
60659,3,2.95,-0.04999999999999982,-1.7,3.0,0.0
60659,4,4.0,0.0,0.0,4.0,0.0
60659,4,4.0,0.0,0.0,4.0,0.0
60659,2,2.01,0.009999999999999787,0.5,2.0501612903225803,0.005
60659,0,0.0,0.0,,0.0,
60659,1,1.0,0.0,0.0,1.0,0.0
60660,1,1.0,0.0,0.0,1.0,0.0
60660,1,1.0,0.0,0.0,1.0,0.0
60660,1,1.0,0.0,0.0,1.0,0.0
60660,3,3.02,0.020000000000000018,0.7,3.46,0.0289
60660,4,3.95,-0.04999999999999982,-1.2,4.01,0.0005
60660,2,2.0,0.0,0.0,2.0,0.0
60660,1,1.0,0.0,0.0,1.0,0.0
60660,1,1.0,0.0,0.0,1.0,0.0
60660,1,1.0,0.0,0.0,1.0,0.0
60660,3,3.02,0.020000000000000018,0.7,3.46,0.0289
60660,4,3.95,-0.04999999999999982,-1.2,4.01,0.0005
60660,2,2.0,0.0,0.0,2.0,0.0
60660,1,1.0,0.0,0.0,1.0,0.0
60660,1,1.0,0.0,0.0,1.0,0.0
60660,1,1.0,0.0,0.0,1.0,0.0
60660,3,3.02,0.020000000000000018,0.7,3.46,0.0289
60660,4,3.95,-0.04999999999999982,-1.2,4.01,0.0005
60660,2,2.0,0.0,0.0,2.0,0.0
60660,1,1.0,0.0,0.0,1.0,0.0
60660,1,1.0,0.0,0.0,1.0,0.0
60660,1,1.0,0.0,0.0,1.0,0.0
60660,3,3.02,0.020000000000000018,0.7,3.46,0.0289
60660,4,3.95,-0.04999999999999982,-1.2,4.01,0.0005
60660,2,2.0,0.0,0.0,2.0,0.0
60660,1,1.0,0.0,0.0,1.0,0.0
60660,1,1.0,0.0,0.0,1.0,0.0
60660,1,1.0,0.0,0.0,1.0,0.0
60660,3,3.02,0.020000000000000018,0.7,3.46,0.0289
60660,4,3.95,-0.04999999999999982,-1.2,4.01,0.0005
60660,2,2.0,0.0,0.0,2.0,0.0
60661,1,1.0,0.0,0.0,1.0,0.0
60661,2,2.0,0.0,0.0,2.0,0.0
60661,0,0.0,0.0,,0.0,
60661,2,2.0,0.0,0.0,2.0,0.0
60661,2,2.0,0.0,0.0,2.0,0.0
60661,1,1.0,0.0,0.0,1.0,0.0
60661,1,1.0,0.0,0.0,1.0,0.0
60661,2,2.0,0.0,0.0,2.0,0.0
60661,0,0.0,0.0,,0.0,
60661,2,2.0,0.0,0.0,2.0,0.0
60661,2,2.0,0.0,0.0,2.0,0.0
60661,1,1.0,0.0,0.0,1.0,0.0
60661,1,1.0,0.0,0.0,1.0,0.0
60661,2,2.0,0.0,0.0,2.0,0.0
60661,0,0.0,0.0,,0.0,
60661,2,2.0,0.0,0.0,2.0,0.0
60661,2,2.0,0.0,0.0,2.0,0.0
60661,1,1.0,0.0,0.0,1.0,0.0
60661,1,1.0,0.0,0.0,1.0,0.0
60661,2,2.0,0.0,0.0,2.0,0.0
60661,0,0.0,0.0,,0.0,
60661,2,2.0,0.0,0.0,2.0,0.0
60661,2,2.0,0.0,0.0,2.0,0.0
60661,1,1.0,0.0,0.0,1.0,0.0
60661,1,1.0,0.0,0.0,1.0,0.0
60661,2,2.0,0.0,0.0,2.0,0.0
60661,0,0.0,0.0,,0.0,
60661,2,2.0,0.0,0.0,2.0,0.0
60661,2,2.0,0.0,0.0,2.0,0.0
60661,1,1.0,0.0,0.0,1.0,0.0
60664,1,1.0,0.0,0.0,1.0,0.0
60664,2,2.0,0.0,0.0,2.01,0.001
60664,1,1.0,0.0,0.0,1.0,0.0
60664,4,4.0,0.0,0.0,4.0,0.0
60664,1,1.0,0.0,0.0,1.0,0.0
60664,0,0.0,0.0,,0.0,
60664,1,1.0,0.0,0.0,1.0,0.0
60664,2,2.0,0.0,0.0,2.01,0.001
60664,1,1.0,0.0,0.0,1.0,0.0
60664,4,4.0,0.0,0.0,4.0,0.0
60664,1,1.0,0.0,0.0,1.0,0.0
60664,0,0.0,0.0,,0.0,
60664,1,1.0,0.0,0.0,1.0,0.0
60664,2,2.0,0.0,0.0,2.01,0.001
60664,1,1.0,0.0,0.0,1.0,0.0
60664,4,4.0,0.0,0.0,4.0,0.0
60664,1,1.0,0.0,0.0,1.0,0.0
60664,0,0.0,0.0,,0.0,
60666,1,1.0,0.0,0.0,1.0,0.0
60666,3,3.0,0.0,0.0,3.0,0.0
60666,0,0.0,0.0,,0.0,
60666,3,3.0,0.0,0.0,3.0,0.0
60666,1,1.0,0.0,0.0,1.0,0.0
60666,2,2.02,0.020000000000000018,1.0,2.14,0.0136
60666,1,1.0,0.0,0.0,1.0,0.0
60666,3,3.0,0.0,0.0,3.0,0.0
60666,0,0.0,0.0,,0.0,
60666,3,3.0,0.0,0.0,3.0,0.0
60666,1,1.0,0.0,0.0,1.0,0.0
60666,2,2.02,0.020000000000000018,1.0,2.14,0.0136
60666,1,1.0,0.0,0.0,1.0,0.0
60666,3,3.0,0.0,0.0,3.0,0.0
60666,0,0.0,0.0,,0.0,
60666,3,3.0,0.0,0.0,3.0,0.0
60666,1,1.0,0.0,0.0,1.0,0.0
60666,2,2.02,0.020000000000000018,1.0,2.14,0.0136
60666,1,1.0,0.0,0.0,1.0,0.0
60666,3,3.0,0.0,0.0,3.0,0.0
60666,0,0.0,0.0,,0.0,
60666,3,3.0,0.0,0.0,3.0,0.0
60666,1,1.0,0.0,0.0,1.0,0.0
60666,2,2.02,0.020000000000000018,1.0,2.14,0.0136
60668,1,1.0,0.0,0.0,1.0,0.0
60668,2,2.0,0.0,0.0,2.02,0.002
60668,2,2.0,0.0,0.0,2.02,0.002
60668,3,2.99,-0.009999999999999787,-0.3,3.03,0.002
60668,0,0.0,0.0,,0.0,
60668,2,2.0,0.0,0.0,2.02,0.002
60668,1,1.0,0.0,0.0,1.0,0.0
60668,2,2.0,0.0,0.0,2.02,0.002
60668,2,2.0,0.0,0.0,2.02,0.002
60668,3,2.99,-0.009999999999999787,-0.3,3.03,0.002
60668,0,0.0,0.0,,0.0,
60668,2,2.0,0.0,0.0,2.02,0.002
60668,1,1.0,0.0,0.0,1.0,0.0
60668,2,2.0,0.0,0.0,2.02,0.002
60668,2,2.0,0.0,0.0,2.02,0.002
60668,3,2.99,-0.009999999999999787,-0.3,3.03,0.002
60668,0,0.0,0.0,,0.0,
60668,2,2.0,0.0,0.0,2.02,0.002
60668,1,1.0,0.0,0.0,1.0,0.0
60668,2,2.0,0.0,0.0,2.02,0.002
60668,2,2.0,0.0,0.0,2.02,0.002
60668,3,2.99,-0.009999999999999787,-0.3,3.03,0.002
60668,0,0.0,0.0,,0.0,
60668,2,2.0,0.0,0.0,2.02,0.002
60668,1,1.0,0.0,0.0,1.0,0.0
60668,2,2.0,0.0,0.0,2.02,0.002
60668,2,2.0,0.0,0.0,2.02,0.002
60668,3,2.99,-0.009999999999999787,-0.3,3.03,0.002
60668,0,0.0,0.0,,0.0,
60668,2,2.0,0.0,0.0,2.02,0.002
60669,4,4.0,0.0,0.0,4.023,0.0011
60669,2,2.0,0.0,0.0,2.0,0.0
60669,2,2.0,0.0,0.0,2.0,0.0
60669,1,1.0,0.0,0.0,1.0,0.0
60669,2,2.0,0.0,0.0,2.0,0.0
60669,3,3.0,0.0,0.0,3.05,0.0033
60669,4,4.0,0.0,0.0,4.023,0.0011
60669,2,2.0,0.0,0.0,2.0,0.0
60669,2,2.0,0.0,0.0,2.0,0.0
60669,1,1.0,0.0,0.0,1.0,0.0
60669,2,2.0,0.0,0.0,2.0,0.0
60669,3,3.0,0.0,0.0,3.05,0.0033
60669,4,4.0,0.0,0.0,4.023,0.0011
60669,2,2.0,0.0,0.0,2.0,0.0
60669,2,2.0,0.0,0.0,2.0,0.0
60669,1,1.0,0.0,0.0,1.0,0.0
60669,2,2.0,0.0,0.0,2.0,0.0
60669,3,3.0,0.0,0.0,3.05,0.0033
60669,4,4.0,0.0,0.0,4.023,0.0011
60669,2,2.0,0.0,0.0,2.0,0.0
60669,2,2.0,0.0,0.0,2.0,0.0
60669,1,1.0,0.0,0.0,1.0,0.0
60669,2,2.0,0.0,0.0,2.0,0.0
60669,3,3.0,0.0,0.0,3.05,0.0033
60669,4,4.0,0.0,0.0,4.023,0.0011
60669,2,2.0,0.0,0.0,2.0,0.0
60669,2,2.0,0.0,0.0,2.0,0.0
60669,1,1.0,0.0,0.0,1.0,0.0
60669,2,2.0,0.0,0.0,2.0,0.0
60669,3,3.0,0.0,0.0,3.05,0.0033
60669,4,4.0,0.0,0.0,4.023,0.0011
60669,2,2.0,0.0,0.0,2.0,0.0
60669,2,2.0,0.0,0.0,2.0,0.0
60669,1,1.0,0.0,0.0,1.0,0.0
60669,2,2.0,0.0,0.0,2.0,0.0
60669,3,3.0,0.0,0.0,3.05,0.0033
60670,1,1.0,0.0,0.0,1.0,0.0
60670,2,2.0001612903225805,0.00016129032258049847,0.0,2.0101612903225803,0.001
60670,1,1.0,0.0,0.0,1.0,0.0
60670,1,1.0,0.0,0.0,1.0,0.0
60670,2,2.0001612903225805,0.00016129032258049847,0.0,2.0101612903225803,0.001
60670,1,1.0,0.0,0.0,1.0,0.0
60670,2,2.0001612903225805,0.00016129032258049847,0.0,2.0101612903225803,0.001
60670,1,1.0,0.0,0.0,1.0,0.0
60670,1,1.0,0.0,0.0,1.0,0.0
60670,2,2.0001612903225805,0.00016129032258049847,0.0,2.0101612903225803,0.001
60670,1,1.0,0.0,0.0,1.0,0.0
60670,2,2.0001612903225805,0.00016129032258049847,0.0,2.0101612903225803,0.001
60670,1,1.0,0.0,0.0,1.0,0.0
60670,1,1.0,0.0,0.0,1.0,0.0
60670,2,2.0001612903225805,0.00016129032258049847,0.0,2.0101612903225803,0.001
60670,1,1.0,0.0,0.0,1.0,0.0
60670,2,2.0001612903225805,0.00016129032258049847,0.0,2.0101612903225803,0.001
60670,1,1.0,0.0,0.0,1.0,0.0
60670,1,1.0,0.0,0.0,1.0,0.0
60670,2,2.0001612903225805,0.00016129032258049847,0.0,2.0101612903225803,0.001
60670,1,1.0,0.0,0.0,1.0,0.0
60670,2,2.0001612903225805,0.00016129032258049847,0.0,2.0101612903225803,0.001
60670,1,1.0,0.0,0.0,1.0,0.0
60670,1,1.0,0.0,0.0,1.0,0.0
60670,2,2.0001612903225805,0.00016129032258049847,0.0,2.0101612903225803,0.001
60673,2,2.0,0.0,0.0,2.0401612903225805,0.004
60673,1,1.0,0.0,0.0,1.0,0.0
60673,4,3.99,-0.009999999999999787,-0.2,4.3,0.0146
60673,1,1.0,0.0,0.0,1.0,0.0
60673,1,1.0,0.0,0.0,1.0,0.0
60673,2,2.0,0.0,0.0,2.0401612903225805,0.004
60673,2,2.0,0.0,0.0,2.0401612903225805,0.004
60673,1,1.0,0.0,0.0,1.0,0.0
60673,4,3.99,-0.009999999999999787,-0.2,4.3,0.0146
60673,1,1.0,0.0,0.0,1.0,0.0
60673,1,1.0,0.0,0.0,1.0,0.0
60673,2,2.0,0.0,0.0,2.0401612903225805,0.004
60673,2,2.0,0.0,0.0,2.0401612903225805,0.004
60673,1,1.0,0.0,0.0,1.0,0.0
60673,4,3.99,-0.009999999999999787,-0.2,4.3,0.0146
60673,1,1.0,0.0,0.0,1.0,0.0
60673,1,1.0,0.0,0.0,1.0,0.0
60673,2,2.0,0.0,0.0,2.0401612903225805,0.004
60673,2,2.0,0.0,0.0,2.0401612903225805,0.004
60673,1,1.0,0.0,0.0,1.0,0.0
60673,4,3.99,-0.009999999999999787,-0.2,4.3,0.0146
60673,1,1.0,0.0,0.0,1.0,0.0
60673,1,1.0,0.0,0.0,1.0,0.0
60673,2,2.0,0.0,0.0,2.0401612903225805,0.004
60673,2,2.0,0.0,0.0,2.0401612903225805,0.004
60673,1,1.0,0.0,0.0,1.0,0.0
60673,4,3.99,-0.009999999999999787,-0.2,4.3,0.0146
60673,1,1.0,0.0,0.0,1.0,0.0
60673,1,1.0,0.0,0.0,1.0,0.0
60673,2,2.0,0.0,0.0,2.0401612903225805,0.004
60673,2,2.0,0.0,0.0,2.0401612903225805,0.004
60673,1,1.0,0.0,0.0,1.0,0.0
60673,4,3.99,-0.009999999999999787,-0.2,4.3,0.0146
60673,1,1.0,0.0,0.0,1.0,0.0
60673,1,1.0,0.0,0.0,1.0,0.0
60673,2,2.0,0.0,0.0,2.0401612903225805,0.004
60674,0,0.0,0.0,,0.0,
60674,0,0.0,0.0,,0.0,
60674,2,2.0,0.0,0.0,2.0,0.0
60674,2,2.0,0.0,0.0,2.0,0.0
60674,2,2.0,0.0,0.0,2.0,0.0
60674,0,0.0,0.0,,0.0,
60674,0,0.0,0.0,,0.0,
60674,0,0.0,0.0,,0.0,
60674,2,2.0,0.0,0.0,2.0,0.0
60674,2,2.0,0.0,0.0,2.0,0.0
60674,2,2.0,0.0,0.0,2.0,0.0
60674,0,0.0,0.0,,0.0,
60674,0,0.0,0.0,,0.0,
60674,0,0.0,0.0,,0.0,
60674,2,2.0,0.0,0.0,2.0,0.0
60674,2,2.0,0.0,0.0,2.0,0.0
60674,2,2.0,0.0,0.0,2.0,0.0
60674,0,0.0,0.0,,0.0,
60674,0,0.0,0.0,,0.0,
60674,0,0.0,0.0,,0.0,
60674,2,2.0,0.0,0.0,2.0,0.0
60674,2,2.0,0.0,0.0,2.0,0.0
60674,2,2.0,0.0,0.0,2.0,0.0
60674,0,0.0,0.0,,0.0,
60674,0,0.0,0.0,,0.0,
60674,0,0.0,0.0,,0.0,
60674,2,2.0,0.0,0.0,2.0,0.0
60674,2,2.0,0.0,0.0,2.0,0.0
60674,2,2.0,0.0,0.0,2.0,0.0
60674,0,0.0,0.0,,0.0,
60675,1,1.0,0.0,0.0,1.0,0.0
60675,4,4.0,0.0,0.0,4.28,0.0136
60675,0,0.0,0.0,,0.0,
60675,1,1.0,0.0,0.0,1.0,0.0
60675,1,1.0,0.0,0.0,1.0,0.0
60675,3,2.9001612903225804,-0.09983870967741959,-3.3,2.8901612903225806,-0.0074
60675,1,1.0,0.0,0.0,1.0,0.0
60675,4,4.0,0.0,0.0,4.28,0.0136
60675,0,0.0,0.0,,0.0,
60675,1,1.0,0.0,0.0,1.0,0.0
60675,1,1.0,0.0,0.0,1.0,0.0
60675,3,2.9001612903225804,-0.09983870967741959,-3.3,2.8901612903225806,-0.0074
60675,1,1.0,0.0,0.0,1.0,0.0
60675,4,4.0,0.0,0.0,4.28,0.0136
60675,0,0.0,0.0,,0.0,
60675,1,1.0,0.0,0.0,1.0,0.0
60675,1,1.0,0.0,0.0,1.0,0.0
60675,3,2.9001612903225804,-0.09983870967741959,-3.3,2.8901612903225806,-0.0074
60675,1,1.0,0.0,0.0,1.0,0.0
60675,4,4.0,0.0,0.0,4.28,0.0136
60675,0,0.0,0.0,,0.0,
60675,1,1.0,0.0,0.0,1.0,0.0
60675,1,1.0,0.0,0.0,1.0,0.0
60675,3,2.9001612903225804,-0.09983870967741959,-3.3,2.8901612903225806,-0.0074
60675,1,1.0,0.0,0.0,1.0,0.0
60675,4,4.0,0.0,0.0,4.28,0.0136
60675,0,0.0,0.0,,0.0,
60675,1,1.0,0.0,0.0,1.0,0.0
60675,1,1.0,0.0,0.0,1.0,0.0
60675,3,2.9001612903225804,-0.09983870967741959,-3.3,2.8901612903225806,-0.0074
60675,1,1.0,0.0,0.0,1.0,0.0
60675,4,4.0,0.0,0.0,4.28,0.0136
60675,0,0.0,0.0,,0.0,
60675,1,1.0,0.0,0.0,1.0,0.0
60675,1,1.0,0.0,0.0,1.0,0.0
60675,3,2.9001612903225804,-0.09983870967741959,-3.3,2.8901612903225806,-0.0074
60677,2,2.0,0.0,0.0,2.0,0.0
60677,1,1.0,0.0,0.0,1.0,0.0
60677,2,2.0,0.0,0.0,2.0,0.0
60677,1,1.0,0.0,0.0,1.0,0.0
60677,2,2.0,0.0,0.0,2.0,0.0
60677,0,0.0,0.0,,0.0,
60677,2,2.0,0.0,0.0,2.0,0.0
60677,1,1.0,0.0,0.0,1.0,0.0
60677,2,2.0,0.0,0.0,2.0,0.0
60677,1,1.0,0.0,0.0,1.0,0.0
60677,2,2.0,0.0,0.0,2.0,0.0
60677,0,0.0,0.0,,0.0,
60677,2,2.0,0.0,0.0,2.0,0.0
60677,1,1.0,0.0,0.0,1.0,0.0
60677,2,2.0,0.0,0.0,2.0,0.0
60677,1,1.0,0.0,0.0,1.0,0.0
60677,2,2.0,0.0,0.0,2.0,0.0
60677,0,0.0,0.0,,0.0,
60678,3,3.0,0.0,0.0,3.08,0.0053
60678,2,2.0,0.0,0.0,2.01,0.001
60678,0,0.0,0.0,,0.0,
60678,2,2.0,0.0,0.0,2.01,0.001
60678,1,1.0,0.0,0.0,1.0,0.0
60678,3,3.0,0.0,0.0,3.08,0.0053
60678,2,2.0,0.0,0.0,2.01,0.001
60678,0,0.0,0.0,,0.0,
60678,2,2.0,0.0,0.0,2.01,0.001
60678,1,1.0,0.0,0.0,1.0,0.0
60678,3,3.0,0.0,0.0,3.08,0.0053
60678,2,2.0,0.0,0.0,2.01,0.001
60678,0,0.0,0.0,,0.0,
60678,2,2.0,0.0,0.0,2.01,0.001
60678,1,1.0,0.0,0.0,1.0,0.0
60678,3,3.0,0.0,0.0,3.08,0.0053
60678,2,2.0,0.0,0.0,2.01,0.001
60678,0,0.0,0.0,,0.0,
60678,2,2.0,0.0,0.0,2.01,0.001
60678,1,1.0,0.0,0.0,1.0,0.0
60678,3,3.0,0.0,0.0,3.08,0.0053
60678,2,2.0,0.0,0.0,2.01,0.001
60678,0,0.0,0.0,,0.0,
60678,2,2.0,0.0,0.0,2.01,0.001
60678,1,1.0,0.0,0.0,1.0,0.0
60678,3,3.0,0.0,0.0,3.08,0.0053
60678,2,2.0,0.0,0.0,2.01,0.001
60678,0,0.0,0.0,,0.0,
60678,2,2.0,0.0,0.0,2.01,0.001
60678,1,1.0,0.0,0.0,1.0,0.0
60680,2,2.0,0.0,0.0,2.0,0.0
60680,1,1.0,0.0,0.0,1.0,0.0
60680,4,4.02,0.019999999999999574,0.5,4.37,0.0179
60680,2,2.0,0.0,0.0,2.0,0.0
60680,1,1.0,0.0,0.0,1.0,0.0
60680,1,1.0,0.0,0.0,1.0,0.0
60680,2,2.0,0.0,0.0,2.0,0.0
60680,1,1.0,0.0,0.0,1.0,0.0
60680,4,4.02,0.019999999999999574,0.5,4.37,0.0179
60680,2,2.0,0.0,0.0,2.0,0.0
60680,1,1.0,0.0,0.0,1.0,0.0
60680,1,1.0,0.0,0.0,1.0,0.0
60680,2,2.0,0.0,0.0,2.0,0.0
60680,1,1.0,0.0,0.0,1.0,0.0
60680,4,4.02,0.019999999999999574,0.5,4.37,0.0179
60680,2,2.0,0.0,0.0,2.0,0.0
60680,1,1.0,0.0,0.0,1.0,0.0
60680,1,1.0,0.0,0.0,1.0,0.0
60680,2,2.0,0.0,0.0,2.0,0.0
60680,1,1.0,0.0,0.0,1.0,0.0
60680,4,4.02,0.019999999999999574,0.5,4.37,0.0179
60680,2,2.0,0.0,0.0,2.0,0.0
60680,1,1.0,0.0,0.0,1.0,0.0
60680,1,1.0,0.0,0.0,1.0,0.0
60680,2,2.0,0.0,0.0,2.0,0.0
60680,1,1.0,0.0,0.0,1.0,0.0
60680,4,4.02,0.019999999999999574,0.5,4.37,0.0179
60680,2,2.0,0.0,0.0,2.0,0.0
60680,1,1.0,0.0,0.0,1.0,0.0
60680,1,1.0,0.0,0.0,1.0,0.0
60681,1,1.0,0.0,0.0,1.0,0.0
60681,5,4.99,-0.009999999999999787,-0.2,4.98,-0.0008
60681,0,0.0,0.0,,0.0,
60681,2,2.0001612903225805,0.00016129032258049847,0.0,2.0301612903225803,0.003
60681,1,1.0,0.0,0.0,1.0,0.0
60681,0,0.0,0.0,,0.0,
60681,1,1.0,0.0,0.0,1.0,0.0
60681,5,4.99,-0.009999999999999787,-0.2,4.98,-0.0008
60681,0,0.0,0.0,,0.0,
60681,2,2.0001612903225805,0.00016129032258049847,0.0,2.0301612903225803,0.003
60681,1,1.0,0.0,0.0,1.0,0.0
60681,0,0.0,0.0,,0.0,
60681,1,1.0,0.0,0.0,1.0,0.0
60681,5,4.99,-0.009999999999999787,-0.2,4.98,-0.0008
60681,0,0.0,0.0,,0.0,
60681,2,2.0001612903225805,0.00016129032258049847,0.0,2.0301612903225803,0.003
60681,1,1.0,0.0,0.0,1.0,0.0
60681,0,0.0,0.0,,0.0,
60681,1,1.0,0.0,0.0,1.0,0.0
60681,5,4.99,-0.009999999999999787,-0.2,4.98,-0.0008
60681,0,0.0,0.0,,0.0,
60681,2,2.0001612903225805,0.00016129032258049847,0.0,2.0301612903225803,0.003
60681,1,1.0,0.0,0.0,1.0,0.0
60681,0,0.0,0.0,,0.0,
60681,1,1.0,0.0,0.0,1.0,0.0
60681,5,4.99,-0.009999999999999787,-0.2,4.98,-0.0008
60681,0,0.0,0.0,,0.0,
60681,2,2.0001612903225805,0.00016129032258049847,0.0,2.0301612903225803,0.003
60681,1,1.0,0.0,0.0,1.0,0.0
60681,0,0.0,0.0,,0.0,
60681,1,1.0,0.0,0.0,1.0,0.0
60681,5,4.99,-0.009999999999999787,-0.2,4.98,-0.0008
60681,0,0.0,0.0,,0.0,
60681,2,2.0001612903225805,0.00016129032258049847,0.0,2.0301612903225803,0.003
60681,1,1.0,0.0,0.0,1.0,0.0
60681,0,0.0,0.0,,0.0,
60682,3,3.0,0.0,0.0,3.0,0.0
60682,1,1.0,0.0,0.0,1.0,0.0
60682,1,1.0,0.0,0.0,1.0,0.0
60682,2,2.0,0.0,0.0,2.02,0.002
60682,3,3.0,0.0,0.0,3.0,0.0
60682,2,2.0,0.0,0.0,2.02,0.002
60682,3,3.0,0.0,0.0,3.0,0.0
60682,1,1.0,0.0,0.0,1.0,0.0
60682,1,1.0,0.0,0.0,1.0,0.0
60682,2,2.0,0.0,0.0,2.02,0.002
60682,3,3.0,0.0,0.0,3.0,0.0
60682,2,2.0,0.0,0.0,2.02,0.002
60682,3,3.0,0.0,0.0,3.0,0.0
60682,1,1.0,0.0,0.0,1.0,0.0
60682,1,1.0,0.0,0.0,1.0,0.0
60682,2,2.0,0.0,0.0,2.02,0.002
60682,3,3.0,0.0,0.0,3.0,0.0
60682,2,2.0,0.0,0.0,2.02,0.002
60682,3,3.0,0.0,0.0,3.0,0.0
60682,1,1.0,0.0,0.0,1.0,0.0
60682,1,1.0,0.0,0.0,1.0,0.0
60682,2,2.0,0.0,0.0,2.02,0.002
60682,3,3.0,0.0,0.0,3.0,0.0
60682,2,2.0,0.0,0.0,2.02,0.002
60682,3,3.0,0.0,0.0,3.0,0.0
60682,1,1.0,0.0,0.0,1.0,0.0
60682,1,1.0,0.0,0.0,1.0,0.0
60682,2,2.0,0.0,0.0,2.02,0.002
60682,3,3.0,0.0,0.0,3.0,0.0
60682,2,2.0,0.0,0.0,2.02,0.002
60682,3,3.0,0.0,0.0,3.0,0.0
60682,1,1.0,0.0,0.0,1.0,0.0
60682,1,1.0,0.0,0.0,1.0,0.0
60682,2,2.0,0.0,0.0,2.02,0.002
60682,3,3.0,0.0,0.0,3.0,0.0
60682,2,2.0,0.0,0.0,2.02,0.002
60684,2,2.0,0.0,0.0,2.0,0.0
60684,1,1.0,0.0,0.0,1.0,0.0
60684,2,2.0,0.0,0.0,2.0,0.0
60684,4,4.0,0.0,0.0,4.0,0.0
60684,1,1.0,0.0,0.0,1.0,0.0
60684,2,2.0,0.0,0.0,2.0,0.0
60684,1,1.0,0.0,0.0,1.0,0.0
60684,2,2.0,0.0,0.0,2.0,0.0
60684,4,4.0,0.0,0.0,4.0,0.0
60684,1,1.0,0.0,0.0,1.0,0.0
60684,2,2.0,0.0,0.0,2.0,0.0
60684,1,1.0,0.0,0.0,1.0,0.0
60684,2,2.0,0.0,0.0,2.0,0.0
60684,4,4.0,0.0,0.0,4.0,0.0
60684,1,1.0,0.0,0.0,1.0,0.0
60684,2,2.0,0.0,0.0,2.0,0.0
60684,1,1.0,0.0,0.0,1.0,0.0
60684,2,2.0,0.0,0.0,2.0,0.0
60684,4,4.0,0.0,0.0,4.0,0.0
60684,1,1.0,0.0,0.0,1.0,0.0
60684,2,2.0,0.0,0.0,2.0,0.0
60684,1,1.0,0.0,0.0,1.0,0.0
60684,2,2.0,0.0,0.0,2.0,0.0
60684,4,4.0,0.0,0.0,4.0,0.0
60684,1,1.0,0.0,0.0,1.0,0.0
60684,2,2.0,0.0,0.0,2.0,0.0
60684,1,1.0,0.0,0.0,1.0,0.0
60684,2,2.0,0.0,0.0,2.0,0.0
60684,4,4.0,0.0,0.0,4.0,0.0
60684,1,1.0,0.0,0.0,1.0,0.0
60685,1,1.0,0.0,0.0,1.0,0.0
60685,1,1.0,0.0,0.0,1.0,0.0
60685,1,1.0,0.0,0.0,1.0,0.0
60685,3,3.0,0.0,0.0,3.11,0.0072
60685,2,2.0,0.0,0.0,2.0,0.0
60685,1,1.0,0.0,0.0,1.0,0.0
60685,1,1.0,0.0,0.0,1.0,0.0
60685,1,1.0,0.0,0.0,1.0,0.0
60685,1,1.0,0.0,0.0,1.0,0.0
60685,3,3.0,0.0,0.0,3.11,0.0072
60685,2,2.0,0.0,0.0,2.0,0.0
60685,1,1.0,0.0,0.0,1.0,0.0
60685,1,1.0,0.0,0.0,1.0,0.0
60685,1,1.0,0.0,0.0,1.0,0.0
60685,1,1.0,0.0,0.0,1.0,0.0
60685,3,3.0,0.0,0.0,3.11,0.0072
60685,2,2.0,0.0,0.0,2.0,0.0
60685,1,1.0,0.0,0.0,1.0,0.0
60685,1,1.0,0.0,0.0,1.0,0.0
60685,1,1.0,0.0,0.0,1.0,0.0
60685,1,1.0,0.0,0.0,1.0,0.0
60685,3,3.0,0.0,0.0,3.11,0.0072
60685,2,2.0,0.0,0.0,2.0,0.0
60685,1,1.0,0.0,0.0,1.0,0.0
60685,1,1.0,0.0,0.0,1.0,0.0
60685,1,1.0,0.0,0.0,1.0,0.0
60685,1,1.0,0.0,0.0,1.0,0.0
60685,3,3.0,0.0,0.0,3.11,0.0072
60685,2,2.0,0.0,0.0,2.0,0.0
60685,1,1.0,0.0,0.0,1.0,0.0
60685,1,1.0,0.0,0.0,1.0,0.0
60685,1,1.0,0.0,0.0,1.0,0.0
60685,1,1.0,0.0,0.0,1.0,0.0
60685,3,3.0,0.0,0.0,3.11,0.0072
60685,2,2.0,0.0,0.0,2.0,0.0
60685,1,1.0,0.0,0.0,1.0,0.0
60686,3,3.0,0.0,0.0,2.98,-0.0013
60686,2,2.0001612903225805,0.00016129032258049847,0.0,2.08,0.0079
60686,1,1.0,0.0,0.0,1.0,0.0
60686,0,0.0,0.0,,0.0,
60686,1,1.0,0.0,0.0,1.0,0.0
60686,2,2.0001612903225805,0.00016129032258049847,0.0,2.08,0.0079
60686,3,3.0,0.0,0.0,2.98,-0.0013
60686,2,2.0001612903225805,0.00016129032258049847,0.0,2.08,0.0079
60686,1,1.0,0.0,0.0,1.0,0.0
60686,0,0.0,0.0,,0.0,
60686,1,1.0,0.0,0.0,1.0,0.0
60686,2,2.0001612903225805,0.00016129032258049847,0.0,2.08,0.0079
60686,3,3.0,0.0,0.0,2.98,-0.0013
60686,2,2.0001612903225805,0.00016129032258049847,0.0,2.08,0.0079
60686,1,1.0,0.0,0.0,1.0,0.0
60686,0,0.0,0.0,,0.0,
60686,1,1.0,0.0,0.0,1.0,0.0
60686,2,2.0001612903225805,0.00016129032258049847,0.0,2.08,0.0079
60686,3,3.0,0.0,0.0,2.98,-0.0013
60686,2,2.0001612903225805,0.00016129032258049847,0.0,2.08,0.0079
60686,1,1.0,0.0,0.0,1.0,0.0
60686,0,0.0,0.0,,0.0,
60686,1,1.0,0.0,0.0,1.0,0.0
60686,2,2.0001612903225805,0.00016129032258049847,0.0,2.08,0.0079
60686,3,3.0,0.0,0.0,2.98,-0.0013
60686,2,2.0001612903225805,0.00016129032258049847,0.0,2.08,0.0079
60686,1,1.0,0.0,0.0,1.0,0.0
60686,0,0.0,0.0,,0.0,
60686,1,1.0,0.0,0.0,1.0,0.0
60686,2,2.0001612903225805,0.00016129032258049847,0.0,2.08,0.0079
60686,3,3.0,0.0,0.0,2.98,-0.0013
60686,2,2.0001612903225805,0.00016129032258049847,0.0,2.08,0.0079
60686,1,1.0,0.0,0.0,1.0,0.0
60686,0,0.0,0.0,,0.0,
60686,1,1.0,0.0,0.0,1.0,0.0
60686,2,2.0001612903225805,0.00016129032258049847,0.0,2.08,0.0079
60687,0,0.0,0.0,,0.0,
60687,2,2.0001612903225805,0.00016129032258049847,0.0,2.08,0.0079
60687,1,1.0,0.0,0.0,1.0,0.0
60687,0,0.0,0.0,,0.0,
60687,1,1.0,0.0,0.0,1.0,0.0
60687,0,0.0,0.0,,0.0,
60687,2,2.0001612903225805,0.00016129032258049847,0.0,2.08,0.0079
60687,1,1.0,0.0,0.0,1.0,0.0
60687,0,0.0,0.0,,0.0,
60687,1,1.0,0.0,0.0,1.0,0.0
60687,0,0.0,0.0,,0.0,
60687,2,2.0001612903225805,0.00016129032258049847,0.0,2.08,0.0079
60687,1,1.0,0.0,0.0,1.0,0.0
60687,0,0.0,0.0,,0.0,
60687,1,1.0,0.0,0.0,1.0,0.0
60687,0,0.0,0.0,,0.0,
60687,2,2.0001612903225805,0.00016129032258049847,0.0,2.08,0.0079
60687,1,1.0,0.0,0.0,1.0,0.0
60687,0,0.0,0.0,,0.0,
60687,1,1.0,0.0,0.0,1.0,0.0
60687,0,0.0,0.0,,0.0,
60687,2,2.0001612903225805,0.00016129032258049847,0.0,2.08,0.0079
60687,1,1.0,0.0,0.0,1.0,0.0
60687,0,0.0,0.0,,0.0,
60687,1,1.0,0.0,0.0,1.0,0.0
60688,2,2.0,0.0,0.0,2.0,0.0
60688,2,2.0,0.0,0.0,2.0,0.0
60688,0,0.0,0.0,,0.0,
60688,1,1.0,0.0,0.0,1.0,0.0
60688,1,1.0,0.0,0.0,1.0,0.0
60688,2,2.0,0.0,0.0,2.0,0.0
60688,2,2.0,0.0,0.0,2.0,0.0
60688,2,2.0,0.0,0.0,2.0,0.0
60688,0,0.0,0.0,,0.0,
60688,1,1.0,0.0,0.0,1.0,0.0
60688,1,1.0,0.0,0.0,1.0,0.0
60688,2,2.0,0.0,0.0,2.0,0.0
60688,2,2.0,0.0,0.0,2.0,0.0
60688,2,2.0,0.0,0.0,2.0,0.0
60688,0,0.0,0.0,,0.0,
60688,1,1.0,0.0,0.0,1.0,0.0
60688,1,1.0,0.0,0.0,1.0,0.0
60688,2,2.0,0.0,0.0,2.0,0.0
60688,2,2.0,0.0,0.0,2.0,0.0
60688,2,2.0,0.0,0.0,2.0,0.0
60688,0,0.0,0.0,,0.0,
60688,1,1.0,0.0,0.0,1.0,0.0
60688,1,1.0,0.0,0.0,1.0,0.0
60688,2,2.0,0.0,0.0,2.0,0.0
60688,2,2.0,0.0,0.0,2.0,0.0
60688,2,2.0,0.0,0.0,2.0,0.0
60688,0,0.0,0.0,,0.0,
60688,1,1.0,0.0,0.0,1.0,0.0
60688,1,1.0,0.0,0.0,1.0,0.0
60688,2,2.0,0.0,0.0,2.0,0.0
60689,2,2.01,0.009999999999999787,0.5,2.01,0.001
60689,1,1.0,0.0,0.0,1.0,0.0
60689,3,3.0,0.0,0.0,3.0,0.0
60689,4,3.99,-0.009999999999999787,-0.2,3.99,-0.0005
60689,3,3.0,0.0,0.0,3.0,0.0
60689,0,0.0,0.0,,0.0,
60689,2,2.01,0.009999999999999787,0.5,2.01,0.001
60689,1,1.0,0.0,0.0,1.0,0.0
60689,3,3.0,0.0,0.0,3.0,0.0
60689,4,3.99,-0.009999999999999787,-0.2,3.99,-0.0005
60689,3,3.0,0.0,0.0,3.0,0.0
60689,0,0.0,0.0,,0.0,
60689,2,2.01,0.009999999999999787,0.5,2.01,0.001
60689,1,1.0,0.0,0.0,1.0,0.0
60689,3,3.0,0.0,0.0,3.0,0.0
60689,4,3.99,-0.009999999999999787,-0.2,3.99,-0.0005
60689,3,3.0,0.0,0.0,3.0,0.0
60689,0,0.0,0.0,,0.0,
60689,2,2.01,0.009999999999999787,0.5,2.01,0.001
60689,1,1.0,0.0,0.0,1.0,0.0
60689,3,3.0,0.0,0.0,3.0,0.0
60689,4,3.99,-0.009999999999999787,-0.2,3.99,-0.0005
60689,3,3.0,0.0,0.0,3.0,0.0
60689,0,0.0,0.0,,0.0,
60689,2,2.01,0.009999999999999787,0.5,2.01,0.001
60689,1,1.0,0.0,0.0,1.0,0.0
60689,3,3.0,0.0,0.0,3.0,0.0
60689,4,3.99,-0.009999999999999787,-0.2,3.99,-0.0005
60689,3,3.0,0.0,0.0,3.0,0.0
60689,0,0.0,0.0,,0.0,
60690,1,1.0,0.0,0.0,1.0,0.0
60690,1,1.0,0.0,0.0,1.0,0.0
60690,2,2.0001612903225805,0.00016129032258049847,0.0,2.0301612903225803,0.003
60690,0,0.0,0.0,,0.0,
60690,0,0.0,0.0,,0.0,
60690,2,2.0001612903225805,0.00016129032258049847,0.0,2.0301612903225803,0.003
60690,1,1.0,0.0,0.0,1.0,0.0
60690,1,1.0,0.0,0.0,1.0,0.0
60690,2,2.0001612903225805,0.00016129032258049847,0.0,2.0301612903225803,0.003
60690,0,0.0,0.0,,0.0,
60690,0,0.0,0.0,,0.0,
60690,2,2.0001612903225805,0.00016129032258049847,0.0,2.0301612903225803,0.003
60690,1,1.0,0.0,0.0,1.0,0.0
60690,1,1.0,0.0,0.0,1.0,0.0
60690,2,2.0001612903225805,0.00016129032258049847,0.0,2.0301612903225803,0.003
60690,0,0.0,0.0,,0.0,
60690,0,0.0,0.0,,0.0,
60690,2,2.0001612903225805,0.00016129032258049847,0.0,2.0301612903225803,0.003
60690,1,1.0,0.0,0.0,1.0,0.0
60690,1,1.0,0.0,0.0,1.0,0.0
60690,2,2.0001612903225805,0.00016129032258049847,0.0,2.0301612903225803,0.003
60690,0,0.0,0.0,,0.0,
60690,0,0.0,0.0,,0.0,
60690,2,2.0001612903225805,0.00016129032258049847,0.0,2.0301612903225803,0.003
60690,1,1.0,0.0,0.0,1.0,0.0
60690,1,1.0,0.0,0.0,1.0,0.0
60690,2,2.0001612903225805,0.00016129032258049847,0.0,2.0301612903225803,0.003
60690,0,0.0,0.0,,0.0,
60690,0,0.0,0.0,,0.0,
60690,2,2.0001612903225805,0.00016129032258049847,0.0,2.0301612903225803,0.003
60690,1,1.0,0.0,0.0,1.0,0.0
60690,1,1.0,0.0,0.0,1.0,0.0
60690,2,2.0001612903225805,0.00016129032258049847,0.0,2.0301612903225803,0.003
60690,0,0.0,0.0,,0.0,
60690,0,0.0,0.0,,0.0,
60690,2,2.0001612903225805,0.00016129032258049847,0.0,2.0301612903225803,0.003
60691,2,2.0001612903225805,0.00016129032258049847,0.0,2.0001612903225805,0.0
60691,5,4.96,-0.040000000000000036,-0.8,4.96,-0.0016
60691,0,0.0,0.0,,0.0,
60691,3,2.99,-0.009999999999999787,-0.3,2.98,-0.0013
60691,1,1.0,0.0,0.0,1.0,0.0
60691,4,4.0,0.0,0.0,3.99,-0.0005
60691,2,2.0001612903225805,0.00016129032258049847,0.0,2.0001612903225805,0.0
60691,5,4.96,-0.040000000000000036,-0.8,4.96,-0.0016
60691,0,0.0,0.0,,0.0,
60691,3,2.99,-0.009999999999999787,-0.3,2.98,-0.0013
60691,1,1.0,0.0,0.0,1.0,0.0
60691,4,4.0,0.0,0.0,3.99,-0.0005
60691,2,2.0001612903225805,0.00016129032258049847,0.0,2.0001612903225805,0.0
60691,5,4.96,-0.040000000000000036,-0.8,4.96,-0.0016
60691,0,0.0,0.0,,0.0,
60691,3,2.99,-0.009999999999999787,-0.3,2.98,-0.0013
60691,1,1.0,0.0,0.0,1.0,0.0
60691,4,4.0,0.0,0.0,3.99,-0.0005
60691,2,2.0001612903225805,0.00016129032258049847,0.0,2.0001612903225805,0.0
60691,5,4.96,-0.040000000000000036,-0.8,4.96,-0.0016
60691,0,0.0,0.0,,0.0,
60691,3,2.99,-0.009999999999999787,-0.3,2.98,-0.0013
60691,1,1.0,0.0,0.0,1.0,0.0
60691,4,4.0,0.0,0.0,3.99,-0.0005
60691,2,2.0001612903225805,0.00016129032258049847,0.0,2.0001612903225805,0.0
60691,5,4.96,-0.040000000000000036,-0.8,4.96,-0.0016
60691,0,0.0,0.0,,0.0,
60691,3,2.99,-0.009999999999999787,-0.3,2.98,-0.0013
60691,1,1.0,0.0,0.0,1.0,0.0
60691,4,4.0,0.0,0.0,3.99,-0.0005
60693,4,3.9807142857142854,-0.019285714285714572,-0.5,3.9407142857142854,-0.003
60693,2,2.0,0.0,0.0,2.0,0.0
60693,1,1.0,0.0,0.0,1.0,0.0
60693,1,1.0,0.0,0.0,1.0,0.0
60693,3,3.0007142857142854,0.0007142857142854453,0.0,3.0107142857142857,0.0007
60693,2,2.0,0.0,0.0,2.0,0.0
60693,4,3.9807142857142854,-0.019285714285714572,-0.5,3.9407142857142854,-0.003
60693,2,2.0,0.0,0.0,2.0,0.0
60693,1,1.0,0.0,0.0,1.0,0.0
60693,1,1.0,0.0,0.0,1.0,0.0
60693,3,3.0007142857142854,0.0007142857142854453,0.0,3.0107142857142857,0.0007
60693,2,2.0,0.0,0.0,2.0,0.0
60693,4,3.9807142857142854,-0.019285714285714572,-0.5,3.9407142857142854,-0.003
60693,2,2.0,0.0,0.0,2.0,0.0
60693,1,1.0,0.0,0.0,1.0,0.0
60693,1,1.0,0.0,0.0,1.0,0.0
60693,3,3.0007142857142854,0.0007142857142854453,0.0,3.0107142857142857,0.0007
60693,2,2.0,0.0,0.0,2.0,0.0
60693,4,3.9807142857142854,-0.019285714285714572,-0.5,3.9407142857142854,-0.003
60693,2,2.0,0.0,0.0,2.0,0.0
60693,1,1.0,0.0,0.0,1.0,0.0
60693,1,1.0,0.0,0.0,1.0,0.0
60693,3,3.0007142857142854,0.0007142857142854453,0.0,3.0107142857142857,0.0007
60693,2,2.0,0.0,0.0,2.0,0.0
60693,4,3.9807142857142854,-0.019285714285714572,-0.5,3.9407142857142854,-0.003
60693,2,2.0,0.0,0.0,2.0,0.0
60693,1,1.0,0.0,0.0,1.0,0.0
60693,1,1.0,0.0,0.0,1.0,0.0
60693,3,3.0007142857142854,0.0007142857142854453,0.0,3.0107142857142857,0.0007
60693,2,2.0,0.0,0.0,2.0,0.0
60694,0,0.0,0.0,,0.0,
60694,1,1.0,0.0,0.0,1.01,0.002
60694,3,3.0,0.0,0.0,3.01,0.0007
60694,0,0.0,0.0,,0.0,
60694,2,2.0,0.0,0.0,2.05,0.005
60694,0,0.0,0.0,,0.0,
60694,1,1.0,0.0,0.0,1.01,0.002
60694,3,3.0,0.0,0.0,3.01,0.0007
60694,0,0.0,0.0,,0.0,
60694,2,2.0,0.0,0.0,2.05,0.005
60694,0,0.0,0.0,,0.0,
60694,1,1.0,0.0,0.0,1.01,0.002
60694,3,3.0,0.0,0.0,3.01,0.0007
60694,0,0.0,0.0,,0.0,
60694,2,2.0,0.0,0.0,2.05,0.005
60694,0,0.0,0.0,,0.0,
60694,1,1.0,0.0,0.0,1.01,0.002
60694,3,3.0,0.0,0.0,3.01,0.0007
60694,0,0.0,0.0,,0.0,
60694,2,2.0,0.0,0.0,2.05,0.005
60694,0,0.0,0.0,,0.0,
60694,1,1.0,0.0,0.0,1.01,0.002
60694,3,3.0,0.0,0.0,3.01,0.0007
60694,0,0.0,0.0,,0.0,
60694,2,2.0,0.0,0.0,2.05,0.005
60694,0,0.0,0.0,,0.0,
60694,1,1.0,0.0,0.0,1.01,0.002
60694,3,3.0,0.0,0.0,3.01,0.0007
60694,0,0.0,0.0,,0.0,
60694,2,2.0,0.0,0.0,2.05,0.005
60695,2,2.0,0.0,0.0,2.02,0.002
60695,2,2.0,0.0,0.0,2.02,0.002
60695,1,1.0,0.0,0.0,1.0,0.0
60695,2,2.0,0.0,0.0,2.02,0.002
60695,3,3.0,0.0,0.0,3.0807142857142855,0.0053
60695,0,0.0,0.0,,0.0,
60695,2,2.0,0.0,0.0,2.02,0.002
60695,2,2.0,0.0,0.0,2.02,0.002
60695,1,1.0,0.0,0.0,1.0,0.0
60695,2,2.0,0.0,0.0,2.02,0.002
60695,3,3.0,0.0,0.0,3.0807142857142855,0.0053
60695,0,0.0,0.0,,0.0,
60695,2,2.0,0.0,0.0,2.02,0.002
60695,2,2.0,0.0,0.0,2.02,0.002
60695,1,1.0,0.0,0.0,1.0,0.0
60695,2,2.0,0.0,0.0,2.02,0.002
60695,3,3.0,0.0,0.0,3.0807142857142855,0.0053
60695,0,0.0,0.0,,0.0,
60695,2,2.0,0.0,0.0,2.02,0.002
60695,2,2.0,0.0,0.0,2.02,0.002
60695,1,1.0,0.0,0.0,1.0,0.0
60695,2,2.0,0.0,0.0,2.02,0.002
60695,3,3.0,0.0,0.0,3.0807142857142855,0.0053
60695,0,0.0,0.0,,0.0,
60695,2,2.0,0.0,0.0,2.02,0.002
60695,2,2.0,0.0,0.0,2.02,0.002
60695,1,1.0,0.0,0.0,1.0,0.0
60695,2,2.0,0.0,0.0,2.02,0.002
60695,3,3.0,0.0,0.0,3.0807142857142855,0.0053
60695,0,0.0,0.0,,0.0,
60695,2,2.0,0.0,0.0,2.02,0.002
60695,2,2.0,0.0,0.0,2.02,0.002
60695,1,1.0,0.0,0.0,1.0,0.0
60695,2,2.0,0.0,0.0,2.02,0.002
60695,3,3.0,0.0,0.0,3.0807142857142855,0.0053
60695,0,0.0,0.0,,0.0,
60696,2,2.0,0.0,0.0,2.07,0.0069
60696,1,1.0,0.0,0.0,1.06,0.0117
60696,2,2.0,0.0,0.0,2.07,0.0069
60696,1,1.0,0.0,0.0,1.06,0.0117
60696,0,0.0,0.0,,0.0,
60696,2,2.0,0.0,0.0,2.07,0.0069
60696,2,2.0,0.0,0.0,2.07,0.0069
60696,1,1.0,0.0,0.0,1.06,0.0117
60696,2,2.0,0.0,0.0,2.07,0.0069
60696,1,1.0,0.0,0.0,1.06,0.0117
60696,0,0.0,0.0,,0.0,
60696,2,2.0,0.0,0.0,2.07,0.0069
60696,2,2.0,0.0,0.0,2.07,0.0069
60696,1,1.0,0.0,0.0,1.06,0.0117
60696,2,2.0,0.0,0.0,2.07,0.0069
60696,1,1.0,0.0,0.0,1.06,0.0117
60696,0,0.0,0.0,,0.0,
60696,2,2.0,0.0,0.0,2.07,0.0069
60696,2,2.0,0.0,0.0,2.07,0.0069
60696,1,1.0,0.0,0.0,1.06,0.0117
60696,2,2.0,0.0,0.0,2.07,0.0069
60696,1,1.0,0.0,0.0,1.06,0.0117
60696,0,0.0,0.0,,0.0,
60696,2,2.0,0.0,0.0,2.07,0.0069
60696,2,2.0,0.0,0.0,2.07,0.0069
60696,1,1.0,0.0,0.0,1.06,0.0117
60696,2,2.0,0.0,0.0,2.07,0.0069
60696,1,1.0,0.0,0.0,1.06,0.0117
60696,0,0.0,0.0,,0.0,
60696,2,2.0,0.0,0.0,2.07,0.0069
60697,1,1.0,0.0,0.0,1.0,0.0
60697,3,3.0,0.0,0.0,3.25,0.0161
60697,3,3.0,0.0,0.0,3.25,0.0161
60697,1,1.0,0.0,0.0,1.0,0.0
60697,1,1.0,0.0,0.0,1.0,0.0
60697,0,0.0,0.0,,0.0,
60697,1,1.0,0.0,0.0,1.0,0.0
60697,3,3.0,0.0,0.0,3.25,0.0161
60697,3,3.0,0.0,0.0,3.25,0.0161
60697,1,1.0,0.0,0.0,1.0,0.0
60697,1,1.0,0.0,0.0,1.0,0.0
60697,0,0.0,0.0,,0.0,
60697,1,1.0,0.0,0.0,1.0,0.0
60697,3,3.0,0.0,0.0,3.25,0.0161
60697,3,3.0,0.0,0.0,3.25,0.0161
60697,1,1.0,0.0,0.0,1.0,0.0
60697,1,1.0,0.0,0.0,1.0,0.0
60697,0,0.0,0.0,,0.0,
60697,1,1.0,0.0,0.0,1.0,0.0
60697,3,3.0,0.0,0.0,3.25,0.0161
60697,3,3.0,0.0,0.0,3.25,0.0161
60697,1,1.0,0.0,0.0,1.0,0.0
60697,1,1.0,0.0,0.0,1.0,0.0
60697,0,0.0,0.0,,0.0,
60697,1,1.0,0.0,0.0,1.0,0.0
60697,3,3.0,0.0,0.0,3.25,0.0161
60697,3,3.0,0.0,0.0,3.25,0.0161
60697,1,1.0,0.0,0.0,1.0,0.0
60697,1,1.0,0.0,0.0,1.0,0.0
60697,0,0.0,0.0,,0.0,
60699,0,0.0,0.0,,0.0,
60699,3,3.0,0.0,0.0,3.0,0.0
60699,1,1.0,0.0,0.0,1.0,0.0
60699,0,0.0,0.0,,0.0,
60699,4,4.0,0.0,0.0,4.0,0.0
60699,1,1.0,0.0,0.0,1.0,0.0
60699,0,0.0,0.0,,0.0,
60699,3,3.0,0.0,0.0,3.0,0.0
60699,1,1.0,0.0,0.0,1.0,0.0
60699,0,0.0,0.0,,0.0,
60699,4,4.0,0.0,0.0,4.0,0.0
60699,1,1.0,0.0,0.0,1.0,0.0
60699,0,0.0,0.0,,0.0,
60699,3,3.0,0.0,0.0,3.0,0.0
60699,1,1.0,0.0,0.0,1.0,0.0
60699,0,0.0,0.0,,0.0,
60699,4,4.0,0.0,0.0,4.0,0.0
60699,1,1.0,0.0,0.0,1.0,0.0
60701,2,2.0,0.0,0.0,2.0,0.0
60701,2,2.0,0.0,0.0,2.0,0.0
60701,1,1.0,0.0,0.0,1.0,0.0
60701,1,1.0,0.0,0.0,1.0,0.0
60701,2,2.0,0.0,0.0,2.0,0.0
60701,2,2.0,0.0,0.0,2.0,0.0
60701,2,2.0,0.0,0.0,2.0,0.0
60701,2,2.0,0.0,0.0,2.0,0.0
60701,1,1.0,0.0,0.0,1.0,0.0
60701,1,1.0,0.0,0.0,1.0,0.0
60701,2,2.0,0.0,0.0,2.0,0.0
60701,2,2.0,0.0,0.0,2.0,0.0
60701,2,2.0,0.0,0.0,2.0,0.0
60701,2,2.0,0.0,0.0,2.0,0.0
60701,1,1.0,0.0,0.0,1.0,0.0
60701,1,1.0,0.0,0.0,1.0,0.0
60701,2,2.0,0.0,0.0,2.0,0.0
60701,2,2.0,0.0,0.0,2.0,0.0
60701,2,2.0,0.0,0.0,2.0,0.0
60701,2,2.0,0.0,0.0,2.0,0.0
60701,1,1.0,0.0,0.0,1.0,0.0
60701,1,1.0,0.0,0.0,1.0,0.0
60701,2,2.0,0.0,0.0,2.0,0.0
60701,2,2.0,0.0,0.0,2.0,0.0
60701,2,2.0,0.0,0.0,2.0,0.0
60701,2,2.0,0.0,0.0,2.0,0.0
60701,1,1.0,0.0,0.0,1.0,0.0
60701,1,1.0,0.0,0.0,1.0,0.0
60701,2,2.0,0.0,0.0,2.0,0.0
60701,2,2.0,0.0,0.0,2.0,0.0
