zoning_classification,zone_category,total_parcels,avg_lot_size,total_area,zip_code
PD 152,5,1,122578.920779,122578.920779,unknown
PD 1222,5,1,231014.02874,231014.02874,unknown
PD 1286,5,1,26683.3029184,26683.3029184,unknown
PD 646,5,1,114698.735507,114698.735507,unknown
PD 392,5,1,139980.343385,139980.343385,unknown
PD 1287,5,1,225787.262814,225787.262814,unknown
PD 1492,5,1,23763.0255806,23763.0255806,unknown
PD 322,5,1,450339.218701,450339.218701,unknown
PD 1055,5,1,575932.427341,575932.427341,unknown
PD 988,5,1,69199.2178661,69199.2178661,unknown
PD 1277,5,1,25457.4013178,25457.4013178,unknown
PD 226,5,1,17799.1164353,17799.1164353,unknown
PD 1476,5,1,270429.232562,270429.232562,unknown
PD 1495,5,1,59612.7812939,59612.7812939,unknown
PD 108,5,1,325525.522644,325525.522644,unknown
PD 272,5,1,455241.483242,455241.483242,unknown
PD 717,5,1,97057.1721731,97057.1721731,unknown
PD 663,5,1,1269519.62674,1269519.62674,unknown
PD 92,5,1,756146.508589,756146.508589,unknown
PD 656,5,1,169006.555834,169006.555834,unknown
B3-2,4,1,4381.23886752,4381.23886752,unknown
RM4-.5,4,1,5260.81303558,5260.81303558,unknown
PD 1165,5,1,1590030.42299,1590030.42299,unknown
PD 912,5,1,529492.466742,529492.466742,unknown
PD 1501,5,1,76765.1498403,76765.1498403,unknown
PD 1270,5,1,56944.6973333,56944.6973333,unknown
PD 1279,5,1,77481.4739511,77481.4739511,unknown
PD 1293,5,1,101729.677142,101729.677142,unknown
PD 1543,5,1,58062.3884418,58062.3884418,unknown
PD 206,5,1,90738.926741,90738.926741,unknown
PD 166,5,1,297162.660085,297162.660085,unknown
PD 394,5,1,74309.3341576,74309.3341576,unknown
PD 1465,5,1,31199.0796953,31199.0796953,unknown
PD 1541,5,1,22090.9210762,22090.9210762,unknown
PD 123,5,1,331376.471836,331376.471836,unknown
PD 708,5,1,155025.447098,155025.447098,unknown
PD 1535,5,1,36471.6447928,36471.6447928,unknown
PD 1498,5,1,36191.5973933,36191.5973933,unknown
PD 16,5,1,758331.336058,758331.336058,unknown
PD 681,5,1,91231.7757424,91231.7757424,unknown
PD 1158,5,1,912911.244995,912911.244995,unknown
PD 675,5,1,347112.819327,347112.819327,unknown
PD 1432,5,1,42198.1657913,42198.1657913,unknown
PD 1470,5,1,81673.9831258,81673.9831258,unknown
PD 1031,5,1,102560.429231,102560.429231,unknown
PD 1570,5,1,126934.774834,126934.774834,unknown
PD 1509,5,1,3242326.74307,3242326.74307,unknown
PD 495,5,1,1482660.00562,1482660.00562,unknown
PD 240,5,1,43153.0424542,43153.0424542,unknown
PD 1081,5,1,59503.8867356,59503.8867356,unknown
C1-1,2,530,80245.23447723703,42529974.27293563,unknown
PD 1067,5,1,94532.7865945,94532.7865945,unknown
PD 856,5,1,56178.943959,56178.943959,unknown
PD 498,5,1,40689.5408259,40689.5408259,unknown
PD 837,5,1,295558.482299,295558.482299,unknown
PD 761,5,1,120089.892396,120089.892396,unknown
PD 554,5,1,206361.761537,206361.761537,unknown
PD 609,5,1,72122.1801099,72122.1801099,unknown
PD 830,5,1,158880.210017,158880.210017,unknown
PD 215,5,1,174961.396711,174961.396711,unknown
PD 333,5,1,52181.2013772,52181.2013772,unknown
PD 671,5,1,192511.80379,192511.80379,unknown
PD 722,5,1,74410.3809772,74410.3809772,unknown
PD 1268,5,1,116648.986071,116648.986071,unknown
PD 1521,5,1,44079.4383497,44079.4383497,unknown
PD 942,5,1,115989.532276,115989.532276,unknown
PD 1418,5,1,38742.2632136,38742.2632136,unknown
PD 500,5,1,101668.885024,101668.885024,unknown
PD 879,5,1,143972.262581,143972.262581,unknown
PD 1337,5,1,119644.604419,119644.604419,unknown
PD 1039,5,1,65365.1035211,65365.1035211,unknown
PD 175,5,1,420793.856778,420793.856778,unknown
PD 466,5,1,153639.184516,153639.184516,unknown
PD 730,5,1,40655.8367467,40655.8367467,unknown
PD 348,5,1,39046.0809379,39046.0809379,unknown
PD 130,5,1,385078.734707,385078.734707,unknown
PD 1447,5,1,48220.6517419,48220.6517419,unknown
PD 622,5,1,50396.1477576,50396.1477576,unknown
PD 170,5,1,21171.2016682,21171.2016682,unknown
PD 520,5,1,32135.3238589,32135.3238589,unknown
PD 725,5,1,32674.1033189,32674.1033189,unknown
C2-1,1,1,60302.8597759,60302.8597759,unknown
PD 645,5,1,104318.266271,104318.266271,unknown
PD 924,5,1,330189.415169,330189.415169,unknown
PD 379,5,1,46262.4244669,46262.4244669,unknown
PD 496,5,1,85824.3773792,85824.3773792,unknown
PD 1034,5,1,96500.1382101,96500.1382101,unknown
PD 572,5,1,146131.524585,146131.524585,unknown
C1-3,2,222,78707.539929333,17473073.864311926,unknown
PD 1571,5,1,58373.7594301,58373.7594301,unknown
PD 51,5,1,311326.554342,311326.554342,unknown
PD 546,5,1,667735.053191,667735.053191,unknown
PD 6,5,1,1606894.18439,1606894.18439,unknown
PD 1413,5,1,667006.373108,667006.373108,unknown
PD 1215,5,2,101881.074011055,203762.14802211,unknown
PD 743,5,1,103799.217347,103799.217347,unknown
PD 44,5,1,997801.793533,997801.793533,unknown
PD 145,5,1,644451.167128,644451.167128,unknown
PD 284,5,1,45613.4594685,45613.4594685,unknown
PD 1374,5,1,62377.0735997,62377.0735997,unknown
PD 70,5,1,3087355.80849,3087355.80849,unknown
PD 1241,5,1,102039.39412,102039.39412,unknown
PD 1426,5,1,1659650.66998,1659650.66998,unknown
PD 595,5,1,250822.479626,250822.479626,unknown
PD 8,5,1,8111441.8936,8111441.8936,unknown
PD 633,5,1,21712.8034154,21712.8034154,unknown
PD 679,5,1,62937.3153382,62937.3153382,unknown
PD 1589,5,1,396632.836514,396632.836514,unknown
PD 549,5,1,3760300.8962,3760300.8962,unknown
PD 1214,5,1,95894.0476825,95894.0476825,unknown
PD 1524,5,1,42524.4614103,42524.4614103,unknown
PD 1536,5,1,54303.7727908,54303.7727908,unknown
PD 565,5,1,118822.993752,118822.993752,unknown
PD 1389,5,1,38482.4067793,38482.4067793,unknown
PD 157,5,1,367369.26345,367369.26345,unknown
PD 1454,5,1,1488383.21021,1488383.21021,unknown
PD 1424,5,1,3498088.39531,3498088.39531,unknown
PD 1344,5,1,132962.990136,132962.990136,unknown
PD 674,5,1,909064.589432,909064.589432,unknown
PD 1314,5,1,41068.9721862,41068.9721862,unknown
PD 1510,5,1,100315.560292,100315.560292,unknown
PD 1265,5,1,32551.5442259,32551.5442259,unknown
PD 208,5,1,657632.103616,657632.103616,unknown
PD 1437,5,1,61036.1323793,61036.1323793,unknown
PD 1469,5,1,83987.1150576,83987.1150576,unknown
PD 866,5,1,198389.153792,198389.153792,unknown
PD 855,5,1,101707.205691,101707.205691,unknown
PD 930,5,1,69081.9781615,69081.9781615,unknown
PD 532,5,1,58126.4384163,58126.4384163,unknown
PD 1200,5,1,176311.199861,176311.199861,unknown
PD 1588,5,1,91329.3297494,91329.3297494,unknown
PD 476,5,1,59313.9297432,59313.9297432,unknown
PD 1531,5,1,29687.0109294,29687.0109294,unknown
PD 1052,5,1,122517.018576,122517.018576,unknown
B3-3,2,1,31944.9175765,31944.9175765,unknown
PD 1223,5,1,220482.571688,220482.571688,unknown
PD 463,5,1,1248511.54059,1248511.54059,unknown
PD 484,5,1,533675.871597,533675.871597,unknown
PD 1530,5,1,118385.27242,118385.27242,unknown
PD 1563,5,1,30286.6298806,30286.6298806,unknown
PD 1328,5,1,48405.642268,48405.642268,unknown
PD 261,5,1,65025.3336725,65025.3336725,unknown
PD 653,5,1,220709.023468,220709.023468,unknown
PD 1232,5,1,45867.4464424,45867.4464424,unknown
PD 517,5,1,218703.168084,218703.168084,unknown
PD 1111,5,1,175706.419585,175706.419585,unknown
PD 816,5,1,34737.8588396,34737.8588396,unknown
PD 271,5,1,49453.5086216,49453.5086216,unknown
PD 267,5,1,302275.671123,302275.671123,unknown
PD 629,5,1,109253.632403,109253.632403,unknown
PD 380,5,1,95846.3950619,95846.3950619,unknown
PD 300,5,1,484616.292818,484616.292818,unknown
PD 1151,5,1,199475.050161,199475.050161,unknown
PD 985,5,1,131780.919845,131780.919845,unknown
PD 1360,5,1,49671.2712656,49671.2712656,unknown
PD 188,5,1,491629.023843,491629.023843,unknown
PD 1353,5,1,34346.2934468,34346.2934468,unknown
PD 1397,5,1,1212531.10979,1212531.10979,unknown
PD 1116,5,1,38946.3669005,38946.3669005,unknown
PD 644,5,1,357656.488916,357656.488916,unknown
PD 745,5,1,23871.9782155,23871.9782155,unknown
PD 398,5,1,179656.172488,179656.172488,unknown
PD 812,5,1,103562.941636,103562.941636,unknown
PD 1192,5,1,202053.888533,202053.888533,unknown
PD 1325,5,1,38998.223728,38998.223728,unknown
PD 140,5,1,254758.542411,254758.542411,unknown
PD 1377,5,1,149394.367557,149394.367557,unknown
PD 602,5,1,77346.7436136,77346.7436136,unknown
PD 1267,5,1,21701.8564564,21701.8564564,unknown
PD 1171,5,1,104142.050836,104142.050836,unknown
PD 1147,5,1,193230.316921,193230.316921,unknown
PD 84,5,1,190371.354397,190371.354397,unknown
PD 1261,5,1,759432.308184,759432.308184,unknown
PD 1477,5,1,45056.4201885,45056.4201885,unknown
PD 366,5,1,12994.2112293,12994.2112293,unknown
PD 1098,5,1,55551.8570809,55551.8570809,unknown
PD 955,5,1,193797.953364,193797.953364,unknown
PD 1357,5,1,66627.525651,66627.525651,unknown
PD 949,5,1,71800.4269957,71800.4269957,unknown
PD 1289,5,1,346501.64064,346501.64064,unknown
B2-1,1,86,20059.020036867907,1725075.72317064,unknown
B2-3,2,2,4550.209960935,9100.41992187,unknown
PD 381,5,1,174245.317518,174245.317518,unknown
PD 928,5,1,13143.6040095,13143.6040095,unknown
PD 575,5,1,74945.1836965,74945.1836965,unknown
PD 976,5,1,45792.2110791,45792.2110791,unknown
PD 23,5,2,434848.2178745,869696.435749,unknown
PD 1395,5,1,263196.309252,263196.309252,unknown
PD 797,5,1,351579.174363,351579.174363,unknown
PD 96,5,1,233037.009303,233037.009303,unknown
RS-3,4,1010,1258895.01831075,1271483968.4938571,unknown
PD 1189,5,1,214728.945037,214728.945037,unknown
PD 1209,5,1,63602.493053,63602.493053,unknown
PD 1166,5,1,221634.5924,221634.5924,unknown
PD 534,5,1,362048.926339,362048.926339,unknown
PD 1169,5,1,3813923.58265,3813923.58265,unknown
PD 136,5,2,456205.003482,912410.006964,unknown
PD 65,5,1,184680.673075,184680.673075,unknown
PD 1539,5,1,657356.933183,657356.933183,unknown
PD 415,5,1,140630.845894,140630.845894,unknown
PD 953,5,1,42518.7899023,42518.7899023,unknown
PD 1005,5,1,53322.0599189,53322.0599189,unknown
PD 102,5,1,768756.798475,768756.798475,unknown
PD 627,5,1,398920.084334,398920.084334,unknown
DR-3,4,1,80332.4433395,80332.4433395,unknown
DR-3,9,22,87052.30074206,1915150.61632532,unknown
PD 1315,5,1,1739045.02232,1739045.02232,unknown
PD 814,5,1,177491.480829,177491.480829,unknown
PD 437,5,1,756365.33035,756365.33035,unknown
PD 1104,5,1,52568.1244973,52568.1244973,unknown
PD 746,5,1,20646.9724151,20646.9724151,unknown
PD 956,5,1,60702.9582877,60702.9582877,unknown
PD 1303,5,1,41601.3876328,41601.3876328,unknown
PD 219,5,1,192209.061478,192209.061478,unknown
PD 1299,5,1,17873.8896072,17873.8896072,unknown
PD 515,5,1,111139.903175,111139.903175,unknown
PD 1164,5,1,128987.820382,128987.820382,unknown
PD 268,5,1,41611.8809088,41611.8809088,unknown
PD 384,5,1,71165.7975492,71165.7975492,unknown
PD 171,5,1,364210.568499,364210.568499,unknown
PD 690,5,1,123839.848418,123839.848418,unknown
PD 615,5,1,102351.180459,102351.180459,unknown
PD 845,5,1,80173.3310301,80173.3310301,unknown
PD 430,5,1,352279.862286,352279.862286,unknown
PD 242,5,1,63913.1678568,63913.1678568,unknown
PD 1392,5,1,73095.7672791,73095.7672791,unknown
PD 36,5,1,94391.7084899,94391.7084899,unknown
PD 368,5,1,2809657.83092,2809657.83092,unknown
PD 35,5,1,218976.234017,218976.234017,unknown
PD 234,5,1,84013.1341993,84013.1341993,unknown
PD 1558,5,1,46294.3968193,46294.3968193,unknown
PD 253,5,1,1476550.65117,1476550.65117,unknown
PD 918,5,1,72437.3975944,72437.3975944,unknown
PD 727,5,1,189542.522661,189542.522661,unknown
PD 852,5,1,209356.889363,209356.889363,unknown
PD 296,5,1,292253.334949,292253.334949,unknown
PD 338,5,1,266513.433198,266513.433198,unknown
C3-1,2,17,122054.22857252353,2074921.8857329,unknown
PD 1252,5,1,37882.29538,37882.29538,unknown
PD 190,5,1,153669.431035,153669.431035,unknown
PD 182,5,1,119034.224777,119034.224777,unknown
PD 262,5,1,322977.849627,322977.849627,unknown
PD 326,5,1,69363.2234063,69363.2234063,unknown
PD 1027,5,1,87549.6669462,87549.6669462,unknown
PD 1555,5,1,70335.967308,70335.967308,unknown
PD 1092,5,1,36729.9906176,36729.9906176,unknown
PD 658,5,1,3858377.29263,3858377.29263,unknown
M1-2,3,262,547424.1220804108,143425119.98506764,unknown
PD 626,5,1,58070.9180283,58070.9180283,unknown
PD 1323,5,1,62636.8956652,62636.8956652,unknown
PD 1023,5,1,96446.1852287,96446.1852287,unknown
PD 1105,5,1,300962.515526,300962.515526,unknown
PD 1181,5,1,122429.979786,122429.979786,unknown
PD 1256,5,1,44017.981824,44017.981824,unknown
RM5.5,4,4,10026.5019427575,40106.00777103,unknown
PD 235,5,1,220191.74093,220191.74093,unknown
PD 587,5,1,1727879.42843,1727879.42843,unknown
PD 1159,5,1,41058.5771087,41058.5771087,unknown
PD 1295,5,1,50434.3830856,50434.3830856,unknown
PD 528,5,1,139799.540747,139799.540747,unknown
PD 802,5,1,470136.689555,470136.689555,unknown
PD 274,5,1,69670.6141657,69670.6141657,unknown
PD 705,5,1,140944.710386,140944.710386,unknown
PD 317,5,1,45417.2674914,45417.2674914,unknown
PD 716,5,1,191743.439132,191743.439132,unknown
PD 104,5,1,680769.994252,680769.994252,unknown
PD 647,5,1,62210.8031642,62210.8031642,unknown
RM-5.5,4,68,35573.202511936026,2418977.77081165,unknown
PD 57,5,1,226283.67917,226283.67917,unknown
PD 1349,5,1,32268.8195667,32268.8195667,unknown
PD 1532,5,1,55053.8649769,55053.8649769,unknown
PD 403,5,1,66082.6797814,66082.6797814,unknown
PD 1409,5,1,920236.706652,920236.706652,unknown
PD 1500,5,1,70746.0879621,70746.0879621,unknown
PD 1187,5,1,287528.030314,287528.030314,unknown
PD 1046,5,1,200658.351206,200658.351206,unknown
PD 1369,5,1,85597.9883997,85597.9883997,unknown
PD 787,5,1,79741.4163173,79741.4163173,unknown
PD 37,5,1,439850.452498,439850.452498,unknown
PD 876,5,1,209087.457415,209087.457415,unknown
PD 899,5,1,112550.017011,112550.017011,unknown
PD 435,5,1,36666.6182408,36666.6182408,unknown
PD 1194,5,1,107179.414886,107179.414886,unknown
PD 610,5,1,37325471.0247,37325471.0247,unknown
PD 1020,5,1,18389.4062494,18389.4062494,unknown
PD 808,5,1,524475.577809,524475.577809,unknown
PD 218,5,1,83293.5517237,83293.5517237,unknown
PD 1373,5,1,21546.9964312,21546.9964312,unknown
DX-10,7,1,17317.2091584,17317.2091584,unknown
PD 373,5,1,110684.47591,110684.47591,unknown
PD 146,5,1,136179.339053,136179.339053,unknown
PD 1480,5,1,49517.6652646,49517.6652646,unknown
PD 718,5,1,244382.653004,244382.653004,unknown
PD 1044,5,1,44116.5898156,44116.5898156,unknown
PD 1095,5,1,207113.513026,207113.513026,unknown
PD 193,5,1,632113.82419,632113.82419,unknown
PD 469,5,1,185087.431023,185087.431023,unknown
PD 992,5,1,272383.815221,272383.815221,unknown
PD 439,5,1,1103177.21358,1103177.21358,unknown
PD 487,5,1,34670.9717436,34670.9717436,unknown
PD 400,5,1,13582.3341181,13582.3341181,unknown
PD 906,5,1,162551.329193,162551.329193,unknown
PD 1176,5,1,452832.518466,452832.518466,unknown
PD 664,5,1,497501.265782,497501.265782,unknown
RM-6,1,1,35031.2374424,35031.2374424,unknown
PD 127,5,1,3536345.8977,3536345.8977,unknown
PD 143,5,1,377101.751788,377101.751788,unknown
PD 850,5,1,379278.340957,379278.340957,unknown
PD 865,5,1,192300.620656,192300.620656,unknown
PD 1208,5,1,75130.2292516,75130.2292516,unknown
PD 132,5,1,260940.446212,260940.446212,unknown
PD 470,5,1,66102.3204188,66102.3204188,unknown
PD 1281,5,1,92736.0723434,92736.0723434,unknown
PD 433,5,1,135975.057388,135975.057388,unknown
PD 475,5,1,253511.044247,253511.044247,unknown
PD 114,5,1,333011.448963,333011.448963,unknown
B1-1.5,1,4,57530.657468512494,230122.62987405,unknown
PD 711,5,1,112451.803926,112451.803926,unknown
PD 799,5,1,83218.2088265,83218.2088265,unknown
PD 639,5,1,64782.3113982,64782.3113982,unknown
PD 619,5,1,436345.295277,436345.295277,unknown
PD 197,5,1,128847.59426,128847.59426,unknown
PD 232,5,1,155963.843606,155963.843606,unknown
PD 210,5,1,303842.985852,303842.985852,unknown
PD 869,5,1,237298.198432,237298.198432,unknown
PD 764,5,1,90433.8473954,90433.8473954,unknown
PD 290,5,1,133118.995725,133118.995725,unknown
PD 329,5,1,317718.428415,317718.428415,unknown
PD 383,5,1,1592225.89909,1592225.89909,unknown
PD 1141,5,1,698808.050205,698808.050205,unknown
C2-3,2,76,111037.49895193551,8438849.9203471,unknown
PD 68,5,1,655813.311694,655813.311694,unknown
PD 259,5,1,55392.8496396,55392.8496396,unknown
PD 1347,5,1,171735.191386,171735.191386,unknown
PD 948,5,1,168129.745674,168129.745674,unknown
PMD-11,6,1,177580.146047,177580.146047,unknown
PD 1186,5,1,252395.48242,252395.48242,unknown
PD 649,5,1,158560.923215,158560.923215,unknown
PD 1350,5,1,2168473.41161,2168473.41161,unknown
PD 38,5,2,130579.2055982,261158.4111964,unknown
PD 1554,5,1,44327.2692123,44327.2692123,unknown
PD 200,5,1,70139.2964883,70139.2964883,unknown
PD 1251,5,1,117028.841332,117028.841332,unknown
PD 757,5,1,161413.099132,161413.099132,unknown
PD 566,5,1,1048958.42715,1048958.42715,unknown
PD 135,5,1,237774.300741,237774.300741,unknown
C1-1,1,1,11378.3917735,11378.3917735,unknown
PD 377,5,1,267143.274564,267143.274564,unknown
PD 241,5,1,49241.454268,49241.454268,unknown
RM-6.5,4,38,277012.00503946346,10526456.19149961,unknown
PD 606,5,1,44234.7019591,44234.7019591,unknown
PD 341,5,1,62001.3408752,62001.3408752,unknown
PD 374,5,1,73292.750111,73292.750111,unknown
PD 295,5,1,299437.69034,299437.69034,unknown
PD 1228,5,1,220488.192249,220488.192249,unknown
PD 1515,5,1,78375.3636221,78375.3636221,unknown
PD 375,5,1,127380.493848,127380.493848,unknown
PD 1242,5,1,41736.1575945,41736.1575945,unknown
PD 638,5,1,150603.793761,150603.793761,unknown
PD 478,5,1,82685.3252352,82685.3252352,unknown
PD 881,5,1,449441.220551,449441.220551,unknown
PD 198,5,1,1037239.40012,1037239.40012,unknown
PD 715,5,1,293048.502223,293048.502223,unknown
PD 563,5,1,94139.6815636,94139.6815636,unknown
PD 741,5,1,138794.851287,138794.851287,unknown
PD 1393,5,1,132574.240136,132574.240136,unknown
PD 547,5,1,56839.9647178,56839.9647178,unknown
PD 1275,5,1,130737.025427,130737.025427,unknown
PD 119,5,1,3015878.34576,3015878.34576,unknown
PD 349,5,1,132151.38906,132151.38906,unknown
PD 1394,5,1,516267.520423,516267.520423,unknown
PD 149,5,1,314191.356001,314191.356001,unknown
PD 164,5,1,56360.0424626,56360.0424626,unknown
PD 71,5,1,934154.405757,934154.405757,unknown
PD 1332,5,1,51806.039177,51806.039177,unknown
PD 1317,5,1,86710.4168634,86710.4168634,unknown
PD 1240,5,1,242474.894886,242474.894886,unknown
PD 1512,5,1,46827.6124824,46827.6124824,unknown
PD 1051,5,1,57611.6989013,57611.6989013,unknown
PD 611,5,1,548996.627443,548996.627443,unknown
DR-7,9,12,57292.587060845835,687511.04473015,unknown
PD 1216,5,1,188541.173442,188541.173442,unknown
PD 1266,5,1,233118.810863,233118.810863,unknown
PD 1130,5,1,148434.171865,148434.171865,unknown
PD 839,5,1,234906.863349,234906.863349,unknown
PD 551,5,1,15285.5318547,15285.5318547,unknown
PD 1587,5,1,50573.6143791,50573.6143791,unknown
PD 1057,5,1,32100.3751055,32100.3751055,unknown
PD 1019,5,1,470759.247531,470759.247531,unknown
PD 891,5,1,89119.376,89119.376,unknown
PD 1457,5,1,64037.9071346,64037.9071346,unknown
PD 591,5,1,1097976.57321,1097976.57321,unknown
DX-5,7,61,146270.69230666556,8922512.2307066,unknown
PD 1254,5,1,673023.599435,673023.599435,unknown
PD 1172,5,1,823591.295996,823591.295996,unknown
PD 1331,5,1,32767.7556903,32767.7556903,unknown
PMD 2,6,1,1747816.29989,1747816.29989,unknown
PD 527,5,1,4904277.26989,4904277.26989,unknown
PD 667,5,1,393209.082561,393209.082561,unknown
PD 243,5,1,363894.414133,363894.414133,unknown
PD 263,5,1,43096.8529841,43096.8529841,unknown
PD 768,5,2,54146.7362456769,108293.4724913538,unknown
PD 1004,5,1,198690.365559,198690.365559,unknown
PD 1076,5,1,180105.176433,180105.176433,unknown
PD 1574,5,1,73533.4565353,73533.4565353,unknown
PD 1421,5,1,1316553.9434,1316553.9434,unknown
PD 1179,5,1,225246.178871,225246.178871,unknown
PD 422,5,1,94352.228814,94352.228814,unknown
B3-1.5,1,9,50358.20877282111,453223.87895539,unknown
PD 302,5,1,43120.083346,43120.083346,unknown
PD 1387,5,1,33215.2045956,33215.2045956,unknown
PD 968,5,1,58564.5095418,58564.5095418,unknown
PD 1145,5,1,865579.988856,865579.988856,unknown
PD 714,5,1,74848.023931,74848.023931,unknown
PD 50,5,2,354594.143179578,709188.286359156,unknown
PD 1359,5,1,93753.1987464,93753.1987464,unknown
PD 1404,5,1,37781.1649415,37781.1649415,unknown
PD 1399,5,1,463742.587113,463742.587113,unknown
PD 220,5,1,223559.265367,223559.265367,unknown
PD 306,5,1,79307.8599835,79307.8599835,unknown
PD 516,5,1,170619.460531,170619.460531,unknown
PD 929,5,1,53188.5032973,53188.5032973,unknown
PD 1481,5,1,495263.395474,495263.395474,unknown
PD 427,5,1,662720.936753,662720.936753,unknown
PD 97,5,1,176481.20451,176481.20451,unknown
PD 589,5,1,71856.2721604,71856.2721604,unknown
PD 1504,5,1,152367.177471,152367.177471,unknown
RM-4.5,1,1,6913.34919506,6913.34919506,unknown
PD 651,5,1,549565.666341,549565.666341,unknown
PD 473,5,1,37263.0150218,37263.0150218,unknown
PD 258,5,1,618668.561828,618668.561828,unknown
PD 412,5,1,487920.574257,487920.574257,unknown
PD 1550,5,1,32669.6607926,32669.6607926,unknown
PD 455,5,1,146169.751987,146169.751987,unknown
PD 47,5,2,88898.30860865,177796.6172173,unknown
PD 5,5,1,710918.294882,710918.294882,unknown
PD 557,5,1,155952.919055,155952.919055,unknown
PD 1238,5,1,655076.350134,655076.350134,unknown
PD 1199,5,1,782799.349687,782799.349687,unknown
PD 804,5,2,3177956.2597892,6355912.5195784,unknown
PD 772,5,1,228919.258553,228919.258553,unknown
PD 1048,5,1,60518.0049751,60518.0049751,unknown
PD 915,5,1,132113.280453,132113.280453,unknown
PD 1351,5,1,507880.262936,507880.262936,unknown
PD 279,5,1,63795.1695436,63795.1695436,unknown
PD 736,5,1,131286.379604,131286.379604,unknown
PD 1361,5,1,21162.9770996,21162.9770996,unknown
PD 585,5,1,105154.196202,105154.196202,unknown
PD 1129,5,1,108268.996081,108268.996081,unknown
PD 1419,5,1,869545.665014,869545.665014,unknown
PD 1412,5,1,290297.833042,290297.833042,unknown
PD 1014,5,1,421315.105122,421315.105122,unknown
PD 1533,5,1,100356.522062,100356.522062,unknown
PD 173,5,1,72079.5800153,72079.5800153,unknown
PD 217,5,1,529237.924236,529237.924236,unknown
PD 1088,5,1,428409.96384,428409.96384,unknown
PD 59,5,1,278855.248456,278855.248456,unknown
PD 870,5,1,91849.5945724,91849.5945724,unknown
PD 2,5,1,2332877.17373,2332877.17373,unknown
PD 791,5,1,36084.8237633,36084.8237633,unknown
PD 75,5,1,164669.082181,164669.082181,unknown
PD 1018,5,1,64593.6050067,64593.6050067,unknown
PD 1320,5,1,65943.429389,65943.429389,unknown
PD 685,5,1,51422.2449204,51422.2449204,unknown
PD 1415,5,1,421424.254909,421424.254909,unknown
PD 285,5,1,215854.516021,215854.516021,unknown
PD 1089,5,1,211071.942377,211071.942377,unknown
PD 1385,5,1,74147.8985407,74147.8985407,unknown
PD 831,5,1,157968.427922,157968.427922,unknown
PD 1131,5,1,54982.9987102,54982.9987102,unknown
PD 98,5,1,392362.413536,392362.413536,unknown
PD 1246,5,1,58012.9284228,58012.9284228,unknown
PD 1201,5,1,293774.682891,293774.682891,unknown
PD 1276,5,1,42294.6249253,42294.6249253,unknown
PD 148,5,1,271678.774238,271678.774238,unknown
PD 88,5,1,398215.61084,398215.61084,unknown
PD 216,5,1,1659043.62722,1659043.62722,unknown
PD 967,5,1,72809.0169602,72809.0169602,unknown
PD 269,5,1,109173.196479,109173.196479,unknown
PD 388,5,1,223636.996647,223636.996647,unknown
PD 958,5,1,614543.07942,614543.07942,unknown
PD 1152,5,1,77069.3704127,77069.3704127,unknown
PD 41,5,1,662014.399045,662014.399045,unknown
PD 926,5,1,50831.9155038,50831.9155038,unknown
PD 719,5,1,244478.570943,244478.570943,unknown
PD 1114,5,1,220869.909349,220869.909349,unknown
PD 553,5,1,1299219.23892,1299219.23892,unknown
M1-1,3,268,440373.4866717255,118020094.42802244,unknown
PD 1007,5,1,348613.937782,348613.937782,unknown
PD 1178,5,1,269707.217757,269707.217757,unknown
PD 636,5,1,184432.51211,184432.51211,unknown
PMD 6,6,2,73442269.561705,146884539.12341,unknown
PD 1348,5,1,54068.3135375,54068.3135375,unknown
PD 1271,5,1,443378.753775,443378.753775,unknown
PD 689,5,1,63771.2003626,63771.2003626,unknown
PD 43,5,1,14150410.8501,14150410.8501,unknown
PD 529,5,1,118453.115354,118453.115354,unknown
PD 426,5,1,37640.4002796,37640.4002796,unknown
PD 972,5,1,1268459.67278,1268459.67278,unknown
PD 1396,5,1,49529.0465003,49529.0465003,unknown
PD 31,5,1,749768.915093,749768.915093,unknown
PD 733,5,1,202526.634523,202526.634523,unknown
PD 1417,5,1,46348.3391574,46348.3391574,unknown
PD 979,5,1,790034.510813,790034.510813,unknown
PD 576,5,1,274485.164457,274485.164457,unknown
PD 536,5,1,492346.328688,492346.328688,unknown
PD 335,5,1,19372.9596294,19372.9596294,unknown
PD 724,5,1,193111.418693,193111.418693,unknown
PD 0,5,1,268547253.989,268547253.989,unknown
PD 83,5,1,535566.292971,535566.292971,unknown
PD 299,5,1,370980.326321,370980.326321,unknown
PD 167,5,1,44566.6735157,44566.6735157,unknown
PD 893,5,1,114008.890444,114008.890444,unknown
M2-1,3,60,563606.7401086087,33816404.40651652,unknown
PD 1436,5,1,95317.0642469,95317.0642469,unknown
PD 765,5,1,529705.902407,529705.902407,unknown
PD 158,5,1,376255.677594,376255.677594,unknown
PD 1458,5,1,80107.4011978,80107.4011978,unknown
PD 1102,5,1,32718.3684714,32718.3684714,unknown
PD 620,5,1,22734.2713431,22734.2713431,unknown
PD 838,5,1,285186.129605,285186.129605,unknown
PD 1218,5,1,64357.1187755,64357.1187755,unknown
PD 1468,5,1,32925.0703158,32925.0703158,unknown
PD 524,5,1,692892.559778,692892.559778,unknown
PD 1542,5,1,90883.3885149,90883.3885149,unknown
PD 752,5,1,405685.835797,405685.835797,unknown
PD 552,5,1,456244.544799,456244.544799,unknown
PD 1144,5,1,153185.287381,153185.287381,unknown
PD 18,5,1,434933.28779,434933.28779,unknown
PD 1383,5,1,35979.6549576,35979.6549576,unknown
PD 1050,5,1,134549.4309,134549.4309,unknown
PD 676,5,1,322657.631459,322657.631459,unknown
PD 1440,5,1,125220.358323,125220.358323,unknown
PD 860,5,1,62850.0584536,62850.0584536,unknown
PD 1125,5,1,163021.163235,163021.163235,unknown
PD 670,5,1,256362.388008,256362.388008,unknown
PD 1306,5,1,193206.22973,193206.22973,unknown
PD 562,5,1,259716.501047,259716.501047,unknown
PD 334,5,1,23252.545085,23252.545085,unknown
PD 81,5,1,534481.468388,534481.468388,unknown
PD 319,5,1,39242.8656696,39242.8656696,unknown
PD 544,5,1,152776.996131,152776.996131,unknown
PD 1451,5,1,47743.8344766,47743.8344766,unknown
PD 558,5,1,81429.3475522,81429.3475522,unknown
PD 702,5,1,926031.970779,926031.970779,unknown
PD 303,5,1,670128.153315,670128.153315,unknown
PD 321,5,1,379466.056264,379466.056264,unknown
PD 1478,5,1,80180.6135022,80180.6135022,unknown
PD 1420,5,1,236422.659615,236422.659615,unknown
PD 159,5,1,153650.775594,153650.775594,unknown
PD 599,5,1,567133.187892,567133.187892,unknown
PD 858,5,1,204155.399765,204155.399765,unknown
PD 1525,5,1,1920004.29738,1920004.29738,unknown
PD 128,5,1,127287.505807,127287.505807,unknown
PD 1382,5,1,28962.0483187,28962.0483187,unknown
PD 1213,5,1,61845.5213833,61845.5213833,unknown
PD 328,5,1,73309.2121421,73309.2121421,unknown
PD 1577,5,1,218722.462077,218722.462077,unknown
PD 981,5,1,52974.1070905,52974.1070905,unknown
PD 568,5,1,128999.673173,128999.673173,unknown
PD 1547,5,1,27828.9895525,27828.9895525,unknown
PD 828,5,1,311212.649822,311212.649822,unknown
PD 483,5,1,293662.96449,293662.96449,unknown
PD 1290,5,1,49374.2439127,49374.2439127,unknown
PD 744,5,1,106904.798856,106904.798856,unknown
PD 1523,5,1,91184.2380063,91184.2380063,unknown
PD 596,5,1,54516.924793,54516.924793,unknown
PD 1368,5,1,36893.1717311,36893.1717311,unknown
PD 886,5,1,176304.648667,176304.648667,unknown
PD 169,5,1,3092738.38608,3092738.38608,unknown
PD 1431,5,1,28322.3711152,28322.3711152,unknown
PD 1459,5,1,96061.2868887,96061.2868887,unknown
PD 630,5,1,34011.6078219,34011.6078219,unknown
PD 331,5,1,8140139.94802,8140139.94802,unknown
PD 448,5,1,49030.1573228,49030.1573228,unknown
PD 1460,5,1,232904.497293,232904.497293,unknown
PD 618,5,1,4006296.17252,4006296.17252,unknown
PD 771,5,1,232056.842204,232056.842204,unknown
PD 739,5,1,126254.545353,126254.545353,unknown
PD 1407,5,1,94286.5405014,94286.5405014,unknown
PD 376,5,1,378940.709735,378940.709735,unknown
PD 501,5,1,79247.5932283,79247.5932283,unknown
PD 843,5,1,206906.509301,206906.509301,unknown
PD 1126,5,1,137102.147915,137102.147915,unknown
PD 1085,5,1,67145.8444353,67145.8444353,unknown
PD 643,5,1,268319.858281,268319.858281,unknown
PD 1066,5,1,45293.8852406,45293.8852406,unknown
PD 1452,5,1,19889.1694189,19889.1694189,unknown
PD 1180,5,1,33191.0870454,33191.0870454,unknown
PD 80,5,1,328344.033246,328344.033246,unknown
PD 892,5,1,532147.320867,532147.320867,unknown
PD 1333,5,1,22975.4689829,22975.4689829,unknown
PD 1375,5,1,24978.1180971,24978.1180971,unknown
PD 1099,5,1,490782.79273,490782.79273,unknown
C1-2,2,567,113680.2353732668,64456693.45664228,unknown
PD 304,5,1,36821.9339629,36821.9339629,unknown
PD 1506,5,1,12469.7559102,12469.7559102,unknown
PD 661,5,1,879548.379705,879548.379705,unknown
C1-2,1,3,19632.951266666667,58898.8538,unknown
PD 919,5,1,105793.48266,105793.48266,unknown
PD 909,5,2,951178.3868355,1902356.773671,unknown
PD 280,5,1,471783.146753,471783.146753,unknown
PD 1425,5,1,1253542.03271,1253542.03271,unknown
PD 103,5,1,1209020.06328,1209020.06328,unknown
PD 940,5,1,81177.8291937,81177.8291937,unknown
B1-2,1,363,89610.17742088935,32528494.40378283,unknown
PD 64,5,1,685939.933655,685939.933655,unknown
PD 1549,5,1,237029.212923,237029.212923,unknown
PD 564,5,1,81662.7551829,81662.7551829,unknown
PD 1288,5,1,42071.6998808,42071.6998808,unknown
C2-2,2,207,116599.38028289526,24136071.71855932,unknown
PD 963,5,1,104494.993678,104494.993678,unknown
PD 142,5,1,577796.227572,577796.227572,unknown
PD 888,5,1,51486.4039306,51486.4039306,unknown
PD 26,5,1,721783.429776,721783.429776,unknown
B3-3,4,1,59497.813758,59497.813758,unknown
PD 73,5,1,327249.748684,327249.748684,unknown
PD 840,5,1,1316086.026,1316086.026,unknown
PD 1185,5,1,267326.584362,267326.584362,unknown
PD 297,5,1,79585.1382565,79585.1382565,unknown
PD 1546,5,1,143788.898564,143788.898564,unknown
PD 668,5,1,217341.859725,217341.859725,unknown
PD 399,5,1,182451.422053,182451.422053,unknown
PD 58,5,1,191813.328335,191813.328335,unknown
PD 1598,5,1,129850.540454,129850.540454,unknown
PD 1462,5,1,104782.793636,104782.793636,unknown
PD 1184,5,1,786696.347773,786696.347773,unknown
PD 1168,5,1,1557199.62459,1557199.62459,unknown
PD 1358,5,1,32502.3397572,32502.3397572,unknown
PD 960,5,1,129624.42341,129624.42341,unknown
PD 134,5,1,407034.133762,407034.133762,unknown
PD 1121,5,1,4507943.03751,4507943.03751,unknown
PD 1054,5,1,761899.492848,761899.492848,unknown
PD 805,5,1,240096.975555,240096.975555,unknown
PD 1135,5,1,660119.752631,660119.752631,unknown
PD 491,5,1,108801.568145,108801.568145,unknown
PD 1400,5,1,36898.2999311,36898.2999311,unknown
PD 354,5,1,48352.6386971,48352.6386971,unknown
PD 356,5,1,218944.675424,218944.675424,unknown
PD 359,5,1,506143.692183,506143.692183,unknown
PD 1597,5,1,239617.419062,239617.419062,unknown
PD 1291,5,1,22022.0788611,22022.0788611,unknown
PD 1537,5,1,42949.4761791,42949.4761791,unknown
PD 1,5,1,4828010.44282,4828010.44282,unknown
PD 1364,5,1,68806.4332317,68806.4332317,unknown
PD 917,5,1,42569.9641246,42569.9641246,unknown
PD 807,5,1,103972.457051,103972.457051,unknown
RM-4.5,4,442,21116.838779219488,9333642.740415014,unknown
PD 53,5,1,189759.85708,189759.85708,unknown
PD 468,5,1,54654.3988048,54654.3988048,unknown
PD 202,5,1,161260.764021,161260.764021,unknown
PD 586,5,1,36164.1344615,36164.1344615,unknown
RM-5,4,717,226072.50937089216,162093989.2189297,unknown
PD 556,5,1,84615.5507624,84615.5507624,unknown
PD 526,5,1,548343.654888,548343.654888,unknown
PD 1428,5,1,57679.3190591,57679.3190591,unknown
PD 264,5,1,564189.493264,564189.493264,unknown
PD 806,5,1,124762.251948,124762.251948,unknown
B1-5,1,40,64768.970810046,2590758.83240184,unknown
PD 276,5,1,131420.519146,131420.519146,unknown
PD 522,5,1,2342692.8866,2342692.8866,unknown
PD 1285,5,1,20310.3153317,20310.3153317,unknown
PD 1000,5,1,168490.169808,168490.169808,unknown
PD 28,5,1,2160373.64697,2160373.64697,unknown
PD 1341,5,1,24169.8024741,24169.8024741,unknown
PD 1371,5,1,87266.1855185,87266.1855185,unknown
PD 1511,5,1,57325.212706,57325.212706,unknown
DR-10,9,12,106802.25459559917,1281627.05514719,unknown
PD 788,5,1,149963.964747,149963.964747,unknown
PD 640,5,1,242980.21434,242980.21434,unknown
PD 1441,5,1,60723.9173044,60723.9173044,unknown
C1-1.5,2,1,9290.80230948,9290.80230948,unknown
PD 607,5,1,45339.7206991,45339.7206991,unknown
PD 1042,5,1,23735.8273461,23735.8273461,unknown
PD 581,5,1,1108056.41029,1108056.41029,unknown
PD 1294,5,1,19737.7852255,19737.7852255,unknown
B2-3,1,547,19490.06513250592,10661065.627480736,unknown
PD 1101,5,1,112801.422671,112801.422671,unknown
PD 1520,5,1,35170.4864326,35170.4864326,unknown
PD 1578,5,1,185194.663967,185194.663967,unknown
PD 1330,5,1,91778.8731061,91778.8731061,unknown
PD 1087,5,1,143739.442724,143739.442724,unknown
M3-2,3,15,1119784.06237751,16796760.93566265,unknown
PD 1494,5,1,172904.677437,172904.677437,unknown
PD 77,5,1,715577.228659,715577.228659,unknown
PD 89,5,1,180562.693846,180562.693846,unknown
PD 1560,5,1,1731426.77162,1731426.77162,unknown
PD 460,5,1,85913.2051204,85913.2051204,unknown
PD 69,5,1,234172.313808,234172.313808,unknown
PD 632,5,1,161739.494455,161739.494455,unknown
PD 925,5,1,106741.741171,106741.741171,unknown
PD 479,5,1,73264.7421746,73264.7421746,unknown
PD 792,5,1,158341.600326,158341.600326,unknown
PD 480,5,1,50651.6205779,50651.6205779,unknown
PD 1160,5,1,2384457.01251,2384457.01251,unknown
PD 848,5,1,174566.800178,174566.800178,unknown
PD 1491,5,1,23892.6801871,23892.6801871,unknown
PD 726,5,1,57157.0735836,57157.0735836,unknown
PD 424,5,1,149940.806238,149940.806238,unknown
PD 305,5,1,57510.4971236,57510.4971236,unknown
PD 704,5,1,177872.567333,177872.567333,unknown
PD 107,5,1,319935.463426,319935.463426,unknown
PD 875,5,1,252279.643214,252279.643214,unknown
PD 446,5,1,480408.135079,480408.135079,unknown
PD 1379,5,1,143179.05757,143179.05757,unknown
PD 1562,5,1,86720.2030907,86720.2030907,unknown
PD 402,5,1,175191.139854,175191.139854,unknown
PMD13,6,1,39240835.5975,39240835.5975,unknown
B2-2,1,244,20091.727003962154,4902381.388966765,unknown
PD 561,5,1,2836189.14411,2836189.14411,unknown
PD 1386,5,1,9190.72961173,9190.72961173,unknown
PD 634,5,1,138947.524232,138947.524232,unknown
PD 540,5,1,558384.874417,558384.874417,unknown
PD 1120,5,1,108644.152387,108644.152387,unknown
PD 312,5,1,137643.431886,137643.431886,unknown
PD 1161,5,1,57531.9294607,57531.9294607,unknown
PD 1292,5,1,159681.566605,159681.566605,unknown
PD 244,5,1,193690.399735,193690.399735,unknown
PD 444,5,1,456013.116094,456013.116094,unknown
PD 165,5,1,457846.086173,457846.086173,unknown
PD 758,5,1,2062720.98387,2062720.98387,unknown
PD 753,5,1,51235.1869465,51235.1869465,unknown
PD 1365,5,1,87631.7176099,87631.7176099,unknown
PD 343,5,1,72607.7586253,72607.7586253,unknown
PD 1411,5,1,1489329.24449,1489329.24449,unknown
PD 1486,5,1,19685.9462728,19685.9462728,unknown
PD 1308,5,1,40367.0936223,40367.0936223,unknown
PD 1175,5,1,418874.518745,418874.518745,unknown
PD 987,5,1,113783.330185,113783.330185,unknown
PD 1115,5,1,151991.545797,151991.545797,unknown
PD 1262,5,1,89706.3557199,89706.3557199,unknown
PD 952,5,1,104512.092013,104512.092013,unknown
PD 195,5,1,25217.3972709,25217.3972709,unknown
PD 423,5,1,19916.7143652,19916.7143652,unknown
PD 189,5,1,246118.243232,246118.243232,unknown
PD 168,5,1,486511.878697,486511.878697,unknown
PD 962,5,1,3027313.9601,3027313.9601,unknown
PD 184,5,1,6531352.32875,6531352.32875,unknown
PD 162,5,1,723347.250663,723347.250663,unknown
PD 447,5,1,1813062.46273,1813062.46273,unknown
PD 525,5,1,80105.8551562,80105.8551562,unknown
PD 105,5,1,119162.054996,119162.054996,unknown
PD 593,5,1,76184.5741589,76184.5741589,unknown
PD 841,5,1,36376.9508796,36376.9508796,unknown
PD 1522,5,1,478226.78555,478226.78555,unknown
PD 227,5,1,58894.3990248,58894.3990248,unknown
PD 833,5,1,275337.613768,275337.613768,unknown
PD 13,5,1,173790.107519,173790.107519,unknown
PD 233,5,1,645145.550022,645145.550022,unknown
PD 1378,5,1,67946.8038396,67946.8038396,unknown
PD 790,5,1,107917.54638,107917.54638,unknown
PD 767,5,1,235376.054522,235376.054522,unknown
PD 181,5,1,172165.074078,172165.074078,unknown
PD 230,5,1,75949.091432,75949.091432,unknown
PD 224,5,1,221353.70741,221353.70741,unknown
PD 192,5,1,82730.8607752,82730.8607752,unknown
PD 332,5,1,15030.9516825,15030.9516825,unknown
PD 203,5,1,384188.509014,384188.509014,unknown
PD 541,5,1,737361.628321,737361.628321,unknown
PD 1226,5,1,158281.686451,158281.686451,unknown
DC-16,8,6,1343029.5490641,8058177.2943846,unknown
PD 931,5,1,67640.6240943,67640.6240943,unknown
PD 419,5,1,101477.965031,101477.965031,unknown
PD 1069,5,1,218957.055827,218957.055827,unknown
RM4.5,4,9,5544.44040636,49899.96365724,unknown
PD 310,5,1,41253.3039942,41253.3039942,unknown
PD 1231,5,1,35851.2821366,35851.2821366,unknown
PD 867,5,1,122639.412997,122639.412997,unknown
PD 560,5,2,24390.11348375,48780.2269675,unknown
PD 1482,5,1,846546.86656,846546.86656,unknown
PD 1091,5,1,762488.318867,762488.318867,unknown
PD 846,5,1,76504.1671592,76504.1671592,unknown
PD 1263,5,1,137539.395256,137539.395256,unknown
PD 825,5,1,26968.1187929,26968.1187929,unknown
PD 1229,5,1,44401.8636726,44401.8636726,unknown
PD 428,5,1,38169.3265943,38169.3265943,unknown
PD 580,5,1,267322.184429,267322.184429,unknown
PD 1380,5,1,45672.4094916,45672.4094916,unknown
PD 815,5,1,91920.6595457,91920.6595457,unknown
C3-2,2,22,176531.2146363741,3883686.72200023,unknown
PD 1260,5,1,388610.178743,388610.178743,unknown
PD 597,5,1,90221.1285728,90221.1285728,unknown
PD 887,5,1,253061.966437,253061.966437,unknown
PD 623,5,1,114767.472063,114767.472063,unknown
PD 314,5,1,106419.245354,106419.245354,unknown
PD 450,5,1,537640.29815,537640.29815,unknown
PD 1217,5,1,479560.712788,479560.712788,unknown
RT-4A,4,10,29710.219619735,297102.19619735,unknown
PD 1376,1,1,139208.536612,139208.536612,unknown
PD 874,5,1,369282.005041,369282.005041,unknown
PD 905,5,1,372458.047422,372458.047422,unknown
PD 688,5,1,222607.084817,222607.084817,unknown
PD 112,5,1,156145.757518,156145.757518,unknown
PD 1423,5,1,59247.5318266,59247.5318266,unknown
PD 1391,5,1,66908.9564825,66908.9564825,unknown
PD 120,5,1,527306.766146,527306.766146,unknown
PD 1551,5,1,25280.4434665,25280.4434665,unknown
PD 337,5,1,23196.4884822,23196.4884822,unknown
PD 56,5,1,217437.59909,217437.59909,unknown
RM-4.5,2,2,7967.66295911,15935.32591822,unknown
PD 742,5,1,321687.859913,321687.859913,unknown
PD 1002,5,1,77031.5910001,77031.5910001,unknown
PD 1220,5,1,539349.369394,539349.369394,unknown
PD 364,5,1,32362.020221,32362.020221,unknown
PD 121,5,1,259290.351673,259290.351673,unknown
PD 416,5,1,350767.919655,350767.919655,unknown
PD 939,5,1,38887.5715497,38887.5715497,unknown
PD 701,5,1,186717.563313,186717.563313,unknown
M3-1,3,4,1045799.704407025,4183198.8176281,unknown
PD 86,5,1,124847.931178,124847.931178,unknown
T,11,38,187648.02294729737,7130624.8719973,unknown
PD 813,5,1,108407.841123,108407.841123,unknown
PD 1487,5,1,84080.5771609,84080.5771609,unknown
PD 1068,5,1,79226.2497945,79226.2497945,unknown
PD 49,5,1,838832.781861,838832.781861,unknown
PD 94,5,1,901085.575743,901085.575743,unknown
PD 180,5,1,685509.735081,685509.735081,unknown
PD 461,5,2,64589.39247435,129178.7849487,unknown
PD 800,5,1,45977.657482,45977.657482,unknown
PD 1108,5,1,106185.077906,106185.077906,unknown
PD 389,5,1,264989.445295,264989.445295,unknown
PD 367,5,1,685935.584795,685935.584795,unknown
PD 1408,5,1,28378.7843676,28378.7843676,unknown
PD 780,5,1,60977.0380822,60977.0380822,unknown
PD 323,5,2,527022.2597845,1054044.519569,unknown
PD 1075,5,1,433522.848067,433522.848067,unknown
PD 946,5,1,32125.7782985,32125.7782985,unknown
DX-12,7,23,389015.19334737695,8947349.44698967,unknown
PD 327,5,1,43962.5258162,43962.5258162,unknown
PD 1538,5,1,979221.571939,979221.571939,unknown
PD 1096,5,1,121887.024341,121887.024341,unknown
PD 282,5,1,176813.70717,176813.70717,unknown
C2-1,2,245,64756.031858261355,15865227.80527403,unknown
PD 1024,5,1,159383.245131,159383.245131,unknown
PD 1264,5,1,51451.2488617,51451.2488617,unknown
PD 225,5,1,746334.9746,746334.9746,unknown
PD 318,5,1,106243.320372,106243.320372,unknown
PD 1484,5,1,18097.9105113,18097.9105113,unknown
RT-4,1,2,5430.69241386,10861.38482772,unknown
PD 1182,5,1,190155.643514,190155.643514,unknown
PD 542,5,1,3551687.80719,3551687.80719,unknown
PD 185,5,1,20141.0955122,20141.0955122,unknown
PD 822,5,1,234959.911099,234959.911099,unknown
PD 1077,5,1,59648.4976919,59648.4976919,unknown
PD 1372,5,1,119597.577312,119597.577312,unknown
PD 1037,5,1,233339.563165,233339.563165,unknown
PD 936,5,1,83106.7317404,83106.7317404,unknown
PD 1502,5,1,65431.0702901,65431.0702901,unknown
PD 489,5,1,187347.469926,187347.469926,unknown
M2-3,3,66,957759.5457625232,63212130.02032653,unknown
PD 60,5,1,402778.731658,402778.731658,unknown
PD 172,5,1,440560.689832,440560.689832,unknown
PD 713,5,1,358121.409298,358121.409298,unknown
PD 1414,5,1,182285.437209,182285.437209,unknown
PD 111,5,1,102535.878637,102535.878637,unknown
PD 365,5,1,118137.172396,118137.172396,unknown
PD 693,5,1,65483.7060615,65483.7060615,unknown
RM-5,1,1,2159.56210893,2159.56210893,unknown
PD 1326,5,1,28520.3183598,28520.3183598,unknown
PD 1300,5,1,42752.073917,42752.073917,unknown
PD 1245,5,1,161548.29669,161548.29669,unknown
PD 921,5,1,353115.201615,353115.201615,unknown
PD 438,5,1,103931.282544,103931.282544,unknown
RS-1,4,78,1870274.6539532293,145881423.0083519,unknown
PD 1434,5,1,3071965.92935,3071965.92935,unknown
PD 908,5,1,62231.7016376,62231.7016376,unknown
PD 1230,5,1,114035.92887,114035.92887,unknown
B2-5,1,64,23380.584788243123,1496357.42644756,unknown
PD 897,5,1,1724981.26797,1724981.26797,unknown
RM-6,4,120,129030.7513263795,15483690.15916554,unknown
PD 46,5,1,599371.368109,599371.368109,unknown
DX-3,7,36,80607.8057187289,2901881.00587424,unknown
PD 106,5,1,356729.251933,356729.251933,unknown
PD 555,5,1,211114.136906,211114.136906,unknown
PD 1324,5,1,51157.2826654,51157.2826654,unknown
PD 707,5,1,1364710.27255,1364710.27255,unknown
PD 237,5,1,125777.2518,125777.2518,unknown
PD 330,5,1,332798.715515,332798.715515,unknown
PD 1255,5,1,709399.505082,709399.505082,unknown
PD 695,5,1,125948.391559,125948.391559,unknown
PD 1146,5,1,94402.6528222,94402.6528222,unknown
PD 1422,5,1,46111.0281639,46111.0281639,unknown
PD 1309,5,1,602557.018107,602557.018107,unknown
PD 1516,5,1,328123.37115,328123.37115,unknown
PD 1205,5,1,74963.0706783,74963.0706783,unknown
PD 503,5,1,96099.3528079,96099.3528079,unknown
PD 574,5,1,86356.3049221,86356.3049221,unknown
PD 1566,5,1,387873.457179,387873.457179,unknown
PD 251,5,1,743976.222228,743976.222228,unknown
PD 774,5,1,281139.20894,281139.20894,unknown
PD 421,5,1,379308.070495,379308.070495,unknown
PD 325,5,1,326517.066538,326517.066538,unknown
PD 601,5,1,216412.327583,216412.327583,unknown
PD 691,5,1,337767.272388,337767.272388,unknown
PD 1529,5,1,106664.843965,106664.843965,unknown
PD 351,5,1,443993.265328,443993.265328,unknown
PD 1580,5,1,99405.0902369,99405.0902369,unknown
PD 1575,5,1,143191.661737,143191.661737,unknown
PD 320,5,1,168702.059416,168702.059416,unknown
PMD 14,6,1,2321824.77892,2321824.77892,unknown
PD 827,5,1,317483.486561,317483.486561,unknown
PD 353,5,1,482261.63378,482261.63378,unknown
PD 137,5,1,265522.833591,265522.833591,unknown
PD 1429,5,1,116787.406435,116787.406435,unknown
PD 1327,5,1,52903.1948594,52903.1948594,unknown
PD 1036,5,1,28193.36099,28193.36099,unknown
PD 1234,5,1,42305.1350524,42305.1350524,unknown
PD 871,5,1,87047.3745396,87047.3745396,unknown
PD 160,5,1,298764.860686,298764.860686,unknown
PD 1343,5,1,549760.035175,549760.035175,unknown
PMD 12,6,1,6474251.41737,6474251.41737,unknown
PD 735,5,1,50765.7193463,50765.7193463,unknown
PD 504,5,1,252100.291622,252100.291622,unknown
PD 1259,5,1,55838.7464327,55838.7464327,unknown
DS-3,10,14,156175.87932608073,2186462.31056513,unknown
PD 254,5,1,109303.464443,109303.464443,unknown
PD 464,5,1,3609143.72054,3609143.72054,unknown
PD 413,5,1,148882.289822,148882.289822,unknown
PD 156,5,1,96221.8882902,96221.8882902,unknown
PD 1548,5,1,88240.3639688,88240.3639688,unknown
PD 1206,5,1,153387.523555,153387.523555,unknown
PD 1272,5,1,58121.8484117,58121.8484117,unknown
PD 248,5,1,815396.397357,815396.397357,unknown
PD 911,5,1,293625.31309,293625.31309,unknown
PD 868,5,1,402073.430068,402073.430068,unknown
PD 1305,5,1,98304.5804703,98304.5804703,unknown
PD 974,5,1,60853.3925065,60853.3925065,unknown
PD 465,5,1,438255.548176,438255.548176,unknown
PD 12,5,1,431106.162491,431106.162491,unknown
PD 1030,5,1,28053.3097903,28053.3097903,unknown
PD 1342,5,1,96512.9874282,96512.9874282,unknown
RS-2,4,287,4201092.533700401,1205713557.172015,unknown
PD 252,5,1,63321.8189572,63321.8189572,unknown
PD 393,5,1,113228.179236,113228.179236,unknown
PD 1591,5,1,1210470.12512,1210470.12512,unknown
PD 895,5,1,94502.1441943,94502.1441943,unknown
DS-5,10,23,518987.08843214344,11936703.0339393,unknown
PD 1564,5,1,635040.600994,635040.600994,unknown
PD 1183,5,1,186781.640765,186781.640765,unknown
PD 1438,5,1,1148134.08584,1148134.08584,unknown
PD 776,5,1,1538496.531,1538496.531,unknown
PD 836,5,1,161301.622298,161301.622298,unknown
PD 214,5,1,343890.690848,343890.690848,unknown
DC-16,5,1,95170.6393542,95170.6393542,unknown
PD 723,5,1,845168.181901,845168.181901,unknown
PD 548,5,1,119720.609518,119720.609518,unknown
PD 913,5,1,34784.0720719,34784.0720719,unknown
PD 1202,5,1,108843.8624,108843.8624,unknown
PD 969,5,1,64713.9951052,64713.9951052,unknown
PD 1312,5,1,102669.551423,102669.551423,unknown
PD 82,5,1,881564.383576,881564.383576,unknown
PD 1084,5,1,195795.603574,195795.603574,unknown
B1-1,4,2,7762.514840305,15525.02968061,unknown
PD 832,5,1,227399.38381,227399.38381,unknown
PD 1318,5,1,73051.2009533,73051.2009533,unknown
PD 910,5,1,492673.653464,492673.653464,unknown
PD 1443,5,1,636523.695066,636523.695066,unknown
PD 1062,5,1,92713.080888,92713.080888,unknown
PD 890,5,1,137980.745699,137980.745699,unknown
PD 1557,5,1,55539.1429898,55539.1429898,unknown
PD 1244,5,1,332458.482173,332458.482173,unknown
PD 110,5,1,85331.8829121,85331.8829121,unknown
PD 989,5,1,647826.69736,647826.69736,unknown
PD 801,5,1,191673.605056,191673.605056,unknown
PD 680,5,1,134961.786196,134961.786196,unknown
PD 777,5,1,998423.736622,998423.736622,unknown
PD 1479,5,1,2615066.6767,2615066.6767,unknown
PD 937,5,1,229262.503643,229262.503643,unknown
PD 1053,5,1,146408.917957,146408.917957,unknown
PD 1248,5,1,21362.2582247,21362.2582247,unknown
PD 490,5,1,145204.607278,145204.607278,unknown
PD 769,5,1,706787.676058,706787.676058,unknown
PD 760,5,1,13323.6890285,13323.6890285,unknown
PD 238,5,1,155969.744905,155969.744905,unknown
PD 608,5,1,103971.270004,103971.270004,unknown
PD 1569,5,1,146703.242262,146703.242262,unknown
PD 42,5,1,1317493.68114,1317493.68114,unknown
PD 1304,5,1,210773.524652,210773.524652,unknown
PD 204,5,1,50775.8992655,50775.8992655,unknown
PD 1297,5,1,72523.3659651,72523.3659651,unknown
PD 1221,5,1,26054.6395609,26054.6395609,unknown
PD 1001,5,1,72075.8182149,72075.8182149,unknown
B2-5,4,1,12642.3875582,12642.3875582,unknown
PD 1433,5,1,24598.3236609,24598.3236609,unknown
PD 864,5,1,934426.937671,934426.937671,unknown
PD 414,5,1,204856.74451,204856.74451,unknown
PD 598,5,1,99164.3399493,99164.3399493,unknown
PD 382,5,1,198623.192321,198623.192321,unknown
PD 133,5,1,18848.4647639,18848.4647639,unknown
PD 518,5,1,921993.859768,921993.859768,unknown
PD 507,5,1,780160.708731,780160.708731,unknown
PD 122,5,1,593154.067538,593154.067538,unknown
PD 1401,5,1,146464.904732,146464.904732,unknown
B3-5,1,173,84803.99357055548,14671090.8877061,unknown
PD 223,5,1,140733.013361,140733.013361,unknown
B2-1.5,1,17,16223.430606610587,275798.32031238,unknown
B1-1,1,542,112097.53262435472,60756862.68240026,unknown
PD 728,5,1,824867.525608,824867.525608,unknown
PD 1280,5,1,1760479.73032,1760479.73032,unknown
PD 179,5,1,87745.899438,87745.899438,unknown
PD 387,5,1,33165.0553315,33165.0553315,unknown
PD 692,5,1,311102.345391,311102.345391,unknown
PD 1025,5,1,91834.7274585,91834.7274585,unknown
PD 255,5,1,441021.011388,441021.011388,unknown
PD 798,5,1,109081.131801,109081.131801,unknown
PD 79,5,1,420471.054148,420471.054148,unknown
PD 29,5,1,448517.705703,448517.705703,unknown
PD 340,5,1,735578.806533,735578.806533,unknown
DS-3,1,1,2424625.14753,2424625.14753,unknown
PD 943,5,1,289295.217789,289295.217789,unknown
PD 17,5,1,325302.409241,325302.409241,unknown
PD 898,5,1,37976.4177812,37976.4177812,unknown
PD 1475,5,1,18368.0563229,18368.0563229,unknown
PD 569,5,1,680655.764337,680655.764337,unknown
PD 1595,5,1,356300.961026,356300.961026,unknown
PD 700,5,1,235175.991728,235175.991728,unknown
PD 678,5,1,617850.058756,617850.058756,unknown
PD 154,5,1,264975.008471,264975.008471,unknown
PD 342,5,1,141722.73328,141722.73328,unknown
PD 1090,5,1,400879.038533,400879.038533,unknown
PD 1390,5,1,874130.971759,874130.971759,unknown
PD 1329,5,1,33071.9037376,33071.9037376,unknown
PD 1586,5,1,60736.2342478,60736.2342478,unknown
PD 934,5,1,24858.8010054,24858.8010054,unknown
PD 699,5,1,894047.240012,894047.240012,unknown
PD 378,5,1,121994.333022,121994.333022,unknown
PD 1507,5,1,55117.0514468,55117.0514468,unknown
PD 533,5,1,45826.3990525,45826.3990525,unknown
PD 492,5,1,111370.858656,111370.858656,unknown
PD 1322,5,1,34863.0089451,34863.0089451,unknown
PD 1283,5,1,78798.7656559,78798.7656559,unknown
PD 896,5,1,6956210.27152,6956210.27152,unknown
PD 150,5,1,289422.180132,289422.180132,unknown
PD 3,5,1,1450857.09731,1450857.09731,unknown
PD 85,5,1,1132716.61188,1132716.61188,unknown
PD 1110,5,1,243644.346817,243644.346817,unknown
PD 355,5,1,431731.828797,431731.828797,unknown
PD 984,5,1,266422.888722,266422.888722,unknown
PD 863,5,1,71824.0288433,71824.0288433,unknown
PD 288,5,1,120749.440747,120749.440747,unknown
PMD 15,6,1,7558319.84851,7558319.84851,unknown
PD 1029,5,1,111823.414524,111823.414524,unknown
PD 1143,5,1,451855.244753,451855.244753,unknown
PD 885,5,1,40951.2115954,40951.2115954,unknown
PD 1553,5,1,110874.554507,110874.554507,unknown
PD 1153,5,1,174210.926558,174210.926558,unknown
PD 1247,5,1,59542.3567123,59542.3567123,unknown
PD 1278,5,1,75813.1174817,75813.1174817,unknown
POS-2,12,380,71236.72136845574,27069954.12001318,unknown
PD 283,5,1,292639.273312,292639.273312,unknown
PD 1148,5,1,77979.7415521,77979.7415521,unknown
PD 817,5,1,795101.547789,795101.547789,unknown
PD 966,5,1,2251528.021,2251528.021,unknown
B3-1,1,848,137134.124772873,116289737.8073963,unknown
PD 756,5,1,149775.510593,149775.510593,unknown
PD 61,5,1,448232.73879,448232.73879,unknown
PD 826,5,1,368834.999743,368834.999743,unknown
PD 766,5,1,307488.148392,307488.148392,unknown
PD 1363,5,1,175735.254633,175735.254633,unknown
PD 1113,5,1,506417.220774,506417.220774,unknown
PD 594,5,1,77726.3482146,77726.3482146,unknown
PD 995,5,1,494385.59561,494385.59561,unknown
PD 1060,5,1,83418.5705421,83418.5705421,unknown
PD 1196,5,1,444465.262022,444465.262022,unknown
PD 1584,5,1,18627.1058146,18627.1058146,unknown
PD 1582,5,1,73873.6793232,73873.6793232,unknown
PD 811,5,1,1252075.89202,1252075.89202,unknown
PD 1134,5,1,260546.570948,260546.570948,unknown
PD 944,5,1,145955.224318,145955.224318,unknown
PD 1233,5,1,64422.1542346,64422.1542346,unknown
PD 738,5,1,33712.7966027,33712.7966027,unknown
PD 720,5,1,218221.268654,218221.268654,unknown
PD 1258,5,1,16894.1857776,16894.1857776,unknown
PD 1568,5,1,41530.6767124,41530.6767124,unknown
PD 45,5,1,843796.992944,843796.992944,unknown
PD 161,5,1,141992.986415,141992.986415,unknown
PD 794,5,1,668088.204004,668088.204004,unknown
PD 1298,5,1,314231.719515,314231.719515,unknown
PD 482,5,1,49544.2123922,49544.2123922,unknown
PMD 3,6,1,5042862.82777,5042862.82777,unknown
PD 441,5,1,1284754.20957,1284754.20957,unknown
PD 1249,5,1,678229.867811,678229.867811,unknown
PD 1219,5,1,50009.1981886,50009.1981886,unknown
PD 665,5,1,112700.645744,112700.645744,unknown
PD 793,5,1,68102.4210732,68102.4210732,unknown
M1-3,3,33,378097.9938649024,12477233.79754178,unknown
PD 1190,5,1,207862.158595,207862.158595,unknown
PD 357,5,1,768818.397326,768818.397326,unknown
PD 14,5,1,987386.853542,987386.853542,unknown
PD 1384,5,1,59506.4247246,59506.4247246,unknown
PD 637,5,1,471248.35107,471248.35107,unknown
PD 1473,5,1,201731.478893,201731.478893,unknown
PD 1059,5,1,221203.073118,221203.073118,unknown
PD 894,5,1,743052.437449,743052.437449,unknown
PD 810,5,1,31980.6563867,31980.6563867,unknown
PD 361,5,1,163363.91962,163363.91962,unknown
PD 510,5,1,172527.158462,172527.158462,unknown
PD 775,5,1,36359.1628928,36359.1628928,unknown
PD 1207,5,1,54595.1796309,54595.1796309,unknown
PD 521,5,1,11291.0845559,11291.0845559,unknown
PD 1508,5,1,163212.084953,163212.084953,unknown
PD 406,5,1,64130.1060639,64130.1060639,unknown
DX-16,7,12,593117.2596751,7117407.1161012,unknown
PD 118,5,1,102038.722385,102038.722385,unknown
PD 550,5,1,34405.0249976,34405.0249976,unknown
PD 1117,5,1,35933.1757108,35933.1757108,unknown
PD 246,5,1,169601.497836,169601.497836,unknown
PD 1269,5,1,36118.2367919,36118.2367919,unknown
PD 93,5,1,98402.6183885,98402.6183885,unknown
PD 696,5,1,143091.484102,143091.484102,unknown
PD 410,5,1,480461.621978,480461.621978,unknown
PD 1191,5,1,18907.5136516,18907.5136516,unknown
PD 1124,5,1,38118.7132078,38118.7132078,unknown
PD 784,5,1,170800.67437,170800.67437,unknown
PD 829,5,1,124994.222699,124994.222699,unknown
PD 431,5,1,85656.7296772,85656.7296772,unknown
PD 205,5,1,79301.9618743,79301.9618743,unknown
PD 138,5,1,197993.927936,197993.927936,unknown
PD 672,5,1,225453.557785,225453.557785,unknown
PD 763,5,1,246477.978927,246477.978927,unknown
PD 621,5,1,325312.633585,325312.633585,unknown
PD 95,5,1,312080.367265,312080.367265,unknown
PD 938,5,1,85952.3715158,85952.3715158,unknown
PD 1497,5,1,11296.2258248,11296.2258248,unknown
PD 30,5,1,21334363.2033,21334363.2033,unknown
PD 183,5,1,207528.641838,207528.641838,unknown
PD 346,5,1,161577.750172,161577.750172,unknown
PD 1047,5,1,81056.3611781,81056.3611781,unknown
PD 641,5,1,867241.155095,867241.155095,unknown
PD 66,5,1,503925.167498,503925.167498,unknown
PD 345,5,1,356822.911915,356822.911915,unknown
PD 449,5,1,1012780.35795,1012780.35795,unknown
PD 409,5,1,148031.89139,148031.89139,unknown
PD 1581,5,1,34431.8807274,34431.8807274,unknown
PD 1225,5,1,55397.0696695,55397.0696695,unknown
PD 52,5,1,228817.792783,228817.792783,unknown
PD 1572,5,1,673970.557345,673970.557345,unknown
PD 749,5,1,91016.9910121,91016.9910121,unknown
PD 72,5,1,1555085.64673,1555085.64673,unknown
PD 933,5,1,267607.652868,267607.652868,unknown
PD 1043,5,1,124152.688626,124152.688626,unknown
PD 818,5,1,53025.6641078,53025.6641078,unknown
PD 971,5,1,677834.963463,677834.963463,unknown
PD 386,5,1,45965.1051318,45965.1051318,unknown
PD 1466,5,1,194670.303841,194670.303841,unknown
PD 1556,5,1,89960.4278136,89960.4278136,unknown
PD 1552,5,1,129473.843626,129473.843626,unknown
PD 1485,5,1,1032574.7519,1032574.7519,unknown
PD 1335,5,1,40086.8134832,40086.8134832,unknown
PD 395,5,1,72656.5383178,72656.5383178,unknown
C3-3,2,24,103388.24100693635,2481317.784166473,unknown
PD 1094,5,1,121716.60974,121716.60974,unknown
PD 1398,5,1,91198.6467513,91198.6467513,unknown
PD 9,5,1,502802.151093,502802.151093,unknown
PD 1035,5,1,77152.026157,77152.026157,unknown
PD 396,5,1,337970.324715,337970.324715,unknown
PD 847,5,1,580425.506642,580425.506642,unknown
PD 11,5,1,1596943.3618,1596943.3618,unknown
PD 996,5,1,95794.6278495,95794.6278495,unknown
PD 1565,5,1,32804.691889,32804.691889,unknown
PD 1446,5,1,42641.0404086,42641.0404086,unknown
PD 543,5,1,22248.5025689,22248.5025689,unknown
PD 1198,5,1,552433.15964,552433.15964,unknown
PD 294,5,1,803694.593852,803694.593852,unknown
PD 1430,5,1,363428.000076,363428.000076,unknown
PD 959,5,1,73135.5761381,73135.5761381,unknown
M2-2,3,112,600658.3475587579,67273734.92658088,unknown
PD 1307,5,1,27345.9240171,27345.9240171,unknown
PD 1461,5,1,5379.37873332,5379.37873332,unknown
PD 1474,5,1,51826.1165843,51826.1165843,unknown
PD 1528,5,1,88343.5715969,88343.5715969,unknown
PD 1319,5,1,46701.5004232,46701.5004232,unknown
PD 1173,5,1,539220.971853,539220.971853,unknown
PD 1142,5,1,66358.4465612,66358.4465612,unknown
PD 951,5,1,462998.906553,462998.906553,unknown
PD 369,5,1,27014.9876269,27014.9876269,unknown
PD 1403,5,1,169383.33707,169383.33707,unknown
PD 1195,5,1,76211.7711791,76211.7711791,unknown
PD 545,5,1,910163.904098,910163.904098,unknown
PD 245,5,1,92009.8081586,92009.8081586,unknown
C1-2,4,1,4142.6135487,4142.6135487,unknown
PD 191,5,1,73955.1277484,73955.1277484,unknown
PD 228,5,1,108883.519888,108883.519888,unknown
PD 642,5,1,161888.065219,161888.065219,unknown
PD 1406,5,1,28014.6971795,28014.6971795,unknown
PD 74,5,1,1693691.15914,1693691.15914,unknown
PD 1150,5,1,467059.878195,467059.878195,unknown
PD 721,5,1,198304.939594,198304.939594,unknown
PD 313,5,1,72814.5533154,72814.5533154,unknown
PD 1527,5,1,1867506.94283,1867506.94283,unknown
PD 686,5,1,132769.493499,132769.493499,unknown
PD 514,5,1,407854.262161,407854.262161,unknown
PD 697,5,1,269276.218509,269276.218509,unknown
PD 344,5,1,40073.4648041,40073.4648041,unknown
PD 1032,5,1,84622.7782421,84622.7782421,unknown
PD 265,5,1,154314.659937,154314.659937,unknown
PD 1273,5,1,248814.499073,248814.499073,unknown
PD 1162,5,1,3340142.66005,3340142.66005,unknown
PD 113,5,1,88659.0096832,88659.0096832,unknown
PD 849,5,1,315548.880371,315548.880371,unknown
PD 1212,5,1,1360417.30284,1360417.30284,unknown
PD 153,5,1,267182.401494,267182.401494,unknown
PD 583,5,1,463896.367797,463896.367797,unknown
PD 287,5,1,81351.5533497,81351.5533497,unknown
PD 920,5,1,219439.666475,219439.666475,unknown
PD 1464,5,1,136916.591106,136916.591106,unknown
PD 650,5,1,149273.358279,149273.358279,unknown
PD 907,5,1,448608.194036,448608.194036,unknown
PD 652,5,1,9305.42112402,9305.42112402,unknown
PD 1235,5,1,31984.2997245,31984.2997245,unknown
PD 445,5,1,44973.1848892,44973.1848892,unknown
PD 1339,5,1,73830.9654522,73830.9654522,unknown
PD 397,5,1,53473.1586191,53473.1586191,unknown
PD 571,5,1,112314.315577,112314.315577,unknown
PD 509,5,1,37525.3272882,37525.3272882,unknown
PD 250,5,1,74462.5272747,74462.5272747,unknown
POS-1,12,175,2540333.121032071,444558296.1806124,unknown
PD 207,5,1,614509.527734,614509.527734,unknown
PD 1545,5,1,185259.652119,185259.652119,unknown
PD 1483,5,1,1082456.30414,1082456.30414,unknown
PD 687,5,1,201142.66339,201142.66339,unknown
PD 873,5,1,730747.709736,730747.709736,unknown
PD 779,5,1,193630.958328,193630.958328,unknown
PD 1071,5,1,76505.4187175,76505.4187175,unknown
PD 1354,5,1,92648.5453949,92648.5453949,unknown
PD 360,5,1,260128.781155,260128.781155,unknown
PD 884,5,1,42601.5224051,42601.5224051,unknown
PD 1154,5,1,80456.6771407,80456.6771407,unknown
PD 316,5,1,211300.578569,211300.578569,unknown
PD 125,5,1,840315.824707,840315.824707,unknown
PD 1227,5,1,287153.314356,287153.314356,unknown
PD 631,5,1,102630.43561,102630.43561,unknown
PD 1013,5,1,2296270.35738,2296270.35738,unknown
PD 176,5,1,46140.71608,46140.71608,unknown
PD 1237,5,1,16329.6796723,16329.6796723,unknown
PD 239,5,1,102248.109147,102248.109147,unknown
PD 1576,5,1,22442.5067185,22442.5067185,unknown
PD 177,5,1,879609.753537,879609.753537,unknown
PD 1490,5,1,39470.6759613,39470.6759613,unknown
PD 803,5,1,111854.299977,111854.299977,unknown
PD 1193,5,1,34491.8745139,34491.8745139,unknown
PD 401,5,1,282820.292542,282820.292542,unknown
PD 1008,5,1,1180716.4233,1180716.4233,unknown
PD 231,5,1,94190.2156218,94190.2156218,unknown
PD 307,5,1,816473.53366,816473.53366,unknown
PD 673,5,1,55627.5919099,55627.5919099,unknown
PD 1579,5,1,57575.2008036,57575.2008036,unknown
PD 236,5,1,118037.036568,118037.036568,unknown
PD 1040,5,1,41143.2061697,41143.2061697,unknown
PD 903,5,1,1343082.37609,1343082.37609,unknown
PD 823,5,1,298507.656915,298507.656915,unknown
PD 1296,5,1,7770.55854499,7770.55854499,unknown
PMD 11,6,2,17086930.36603,34173860.73206,unknown
PD 853,5,1,184119.84572,184119.84572,unknown
PD 1097,5,1,359367.32618,359367.32618,unknown
PD 835,5,1,115390.131976,115390.131976,unknown
RT-3.5,4,270,77053.4771523906,20804438.83114546,unknown
PD 773,5,1,90053.1963942,90053.1963942,unknown
PD 654,5,1,76422.1082762,76422.1082762,unknown
PD 1567,5,1,477597.406424,477597.406424,unknown
PD 854,5,1,434299.957085,434299.957085,unknown
PD 1366,5,1,48006.232862,48006.232862,unknown
PD 1311,5,1,57894.2147961,57894.2147961,unknown
PD 34,5,1,2438500.51437,2438500.51437,unknown
PD 1239,5,1,93040.2692715,93040.2692715,unknown
PD 842,5,1,167137.339515,167137.339515,unknown
PD 1257,5,1,79618.0879115,79618.0879115,unknown
PD 1456,5,1,153952.066897,153952.066897,unknown
PD 139,5,1,74708.1887211,74708.1887211,unknown
PMD 8,6,1,58010961.4737,58010961.4737,unknown
PD 273,5,1,380803.72854,380803.72854,unknown
PD 293,5,1,32644.9480241,32644.9480241,unknown
PD 755,5,1,62481.3507143,62481.3507143,unknown
PD 78,5,1,297663.53287,297663.53287,unknown
PD 538,5,1,56824.6579128,56824.6579128,unknown
PD 1590,5,1,77011.3356826,77011.3356826,unknown
PD 1499,5,1,1146361.55487,1146361.55487,unknown
PD 582,5,1,47329.4884377,47329.4884377,unknown
PD 124,5,1,447805.82166,447805.82166,unknown
PD 786,5,1,281354.811232,281354.811232,unknown
PD 432,5,1,92710.1711354,92710.1711354,unknown
PD 1439,5,1,1859310.9766,1859310.9766,unknown
PD 877,5,1,1148954.44061,1148954.44061,unknown
C2-2,1,1,199340.765751,199340.765751,unknown
PD 289,5,1,516545.56571,516545.56571,unknown
PD 592,5,1,61205.7168312,61205.7168312,unknown
PD 436,5,1,82985.0381362,82985.0381362,unknown
PD 1058,5,1,155099.289389,155099.289389,unknown
PD 1316,5,1,296127.751416,296127.751416,unknown
PD 1086,5,1,37333.9519673,37333.9519673,unknown
PMD-4,6,3,8263741.920716666,24791225.76215,unknown
PD 1065,5,1,814848.013609,814848.013609,unknown
PD 880,5,1,642625.813033,642625.813033,unknown
PD 740,5,1,73123.7780375,73123.7780375,unknown
PD 677,5,1,4267783.80395,4267783.80395,unknown
PD 363,5,1,195126.090308,195126.090308,unknown
C1-5,2,60,62324.463514036834,3739467.81084221,unknown
PD 260,5,1,262353.008549,262353.008549,unknown
PD 1072,5,1,1604524.39354,1604524.39354,unknown
PD 883,5,1,185148.897524,185148.897524,unknown
PD 21,5,1,739085.816868,739085.816868,unknown
PD 1596,5,1,100023.750922,100023.750922,unknown
PD 212,5,1,220627.962746,220627.962746,unknown
PD 657,5,1,480531.291842,480531.291842,unknown
PD 1274,5,1,223084.319109,223084.319109,unknown
PD 87,5,1,361784.638071,361784.638071,unknown
PD 964,5,1,28163.7704472,28163.7704472,unknown
PD 1496,5,1,116073.083857,116073.083857,unknown
DX-7,7,45,256615.9470928749,11547717.619179372,unknown
PD 770,5,1,1803156.28037,1803156.28037,unknown
POS-3,12,6,3136779.80358005,18820678.8214803,unknown
PD 151,5,1,3668455.53485,3668455.53485,unknown
PD 1513,5,1,18557.6517464,18557.6517464,unknown
DS-7,10,1,20196.8736649,20196.8736649,unknown
PD 567,5,1,1251330.05295,1251330.05295,unknown
PD 684,5,1,104856.939147,104856.939147,unknown
PD 796,5,1,618388.991071,618388.991071,unknown
PD 247,5,1,281817.125674,281817.125674,unknown
PD 857,5,1,46320.7742066,46320.7742066,unknown
PD 1455,5,1,53560.054823,53560.054823,unknown
PD 1405,5,1,48491.7214635,48491.7214635,unknown
PD 965,5,1,1026827.77045,1026827.77045,unknown
PD 820,5,1,40731.4119683,40731.4119683,unknown
PD 407,5,1,374932.341134,374932.341134,unknown
PD 734,5,1,156436.780403,156436.780403,unknown
PD 612,5,1,440256.101642,440256.101642,unknown
PD 1526,5,1,142262.281666,142262.281666,unknown
PD 213,5,1,521821.654383,521821.654383,unknown
PD 76,5,1,409848.260124,409848.260124,unknown
PD 624,5,1,144950.278411,144950.278411,unknown
PD 278,5,1,307829.001122,307829.001122,unknown
PD 900,5,1,493110.264792,493110.264792,unknown
PD 467,5,1,103450.084299,103450.084299,unknown
PD 1583,5,1,113488.536903,113488.536903,unknown
PD 434,5,1,29051.808237,29051.808237,unknown
PD 472,5,1,9921.83149406,9921.83149406,unknown
PD 281,5,1,134985.947159,134985.947159,unknown
PD 1127,5,1,92215.4789819,92215.4789819,unknown
M3-3,3,31,7681361.140752256,238122195.3633199,unknown
PD 62,5,1,744342.50956,744342.50956,unknown
PD 1544,5,1,22394.4096806,22394.4096806,unknown
PD 1367,5,1,534789.972883,534789.972883,unknown
PD 1345,5,2,233708.78318424764,467417.5663684953,unknown
DC-12,8,8,72804.23468750625,582433.87750005,unknown
PD 1188,5,1,80297.7552371,80297.7552371,unknown
PD 1063,5,1,105684.040233,105684.040233,unknown
PD 682,5,1,70664.7585066,70664.7585066,unknown
PD 418,5,1,697542.722391,697542.722391,unknown
PD 861,5,1,65615.2259535,65615.2259535,unknown
PD 537,5,1,68424.6807197,68424.6807197,unknown
PD 710,5,1,106985.133454,106985.133454,unknown
PD 1561,5,1,34712.5610156,34712.5610156,unknown
PD 1211,5,1,167199.10199,167199.10199,unknown
PD 1435,5,1,110299.605233,110299.605233,unknown
PD 20,5,1,173498.238649,173498.238649,unknown
PD 1224,5,1,106284.705417,106284.705417,unknown
PD 1253,5,1,88653.8038651,88653.8038651,unknown
PD 1593,5,2,142751.6863795,285503.372759,unknown
PD 694,5,1,43222.450876,43222.450876,unknown
PD 1559,5,1,45876.2447351,45876.2447351,unknown
PD 178,5,1,142449.208596,142449.208596,unknown
PD 1174,5,1,128889.198687,128889.198687,unknown
PD 456,5,1,797145.389741,797145.389741,unknown
PD 163,5,1,183835.926638,183835.926638,unknown
PD 1381,5,1,38435.8650832,38435.8650832,unknown
PD 578,5,1,508636.050073,508636.050073,unknown
PD 535,5,1,2432751.32314,2432751.32314,unknown
PD 862,5,1,47414.103154,47414.103154,unknown
PD 1517,5,1,92233.8130166,92233.8130166,unknown
PD 372,5,1,194726.912364,194726.912364,unknown
PD 404,5,1,37916.6712151,37916.6712151,unknown
PD 485,5,1,987648.077667,987648.077667,unknown
PD 48,5,1,125828.729929,125828.729929,unknown
PD 1540,5,1,196043.320887,196043.320887,unknown
PD 54,5,1,610110.68944,610110.68944,unknown
PD 508,5,1,668034.953061,668034.953061,unknown
PD 747,5,1,105472.382897,105472.382897,unknown
PD 729,5,1,22213.2393868,22213.2393868,unknown
PD 1009,5,1,44649.1318624,44649.1318624,unknown
PD 141,5,1,630209.95377,630209.95377,unknown
PD 1119,5,1,644098.63394,644098.63394,unknown
PD 7,5,1,545557.329573,545557.329573,unknown
PD 851,5,1,22732.4310102,22732.4310102,unknown
PD 1410,5,1,49085.9963314,49085.9963314,unknown
PD 362,5,1,16798.5063262,16798.5063262,unknown
RT-4,4,1930,248336.05462371747,479288585.4237748,unknown
PD 666,5,1,617717.906658,617717.906658,unknown
PD 737,5,1,201573.145874,201573.145874,unknown
PD 1592,5,1,43027.7103743,43027.7103743,unknown
PD 1450,5,1,55669.8982887,55669.8982887,unknown
PD 40,5,1,1595331.66488,1595331.66488,unknown
PD 1203,5,1,175310.201326,175310.201326,unknown
PD 1103,5,1,224306.793873,224306.793873,unknown
PD 385,5,1,121854.364881,121854.364881,unknown
PD 1157,5,1,3380115.59424,3380115.59424,unknown
PD 315,5,1,96207.4461286,96207.4461286,unknown
PD 454,5,1,102605.696403,102605.696403,unknown
PD 336,5,1,23804.8830832,23804.8830832,unknown
PD 499,5,1,3795052.32227,3795052.32227,unknown
PD 1352,5,1,560437.164474,560437.164474,unknown
PD 390,5,1,188587.223045,188587.223045,unknown
PD 1388,5,1,71697.1227767,71697.1227767,unknown
PD 1442,5,1,179555.61117,179555.61117,unknown
PD 1155,5,1,523705.277397,523705.277397,unknown
PD 1402,5,1,417436.827249,417436.827249,unknown
PD 486,5,1,42777.3191573,42777.3191573,unknown
PD 371,5,1,116884.5421,116884.5421,unknown
PD 778,5,1,4901902.91143,4901902.91143,unknown
PD 1321,5,1,209830.244872,209830.244872,unknown
PD 347,5,1,436847.834757,436847.834757,unknown
PD 10,5,1,305441.042486,305441.042486,unknown
PD 986,5,1,507559.205,507559.205,unknown
PD 1453,5,1,31981.4037567,31981.4037567,unknown
PD 408,5,1,69469.7085293,69469.7085293,unknown
PD 1445,5,1,68245.6380526,68245.6380526,unknown
PMD 5,6,1,143457.144392,143457.144392,unknown
PD 783,5,1,562160.388595,562160.388595,unknown
B1-3,1,165,78065.5383725588,12880813.831472201,unknown
PD 819,5,1,500501.611044,500501.611044,unknown
PD 453,5,1,109858.756705,109858.756705,unknown
PD 1573,5,1,80116.707117,80116.707117,unknown
PD 1137,5,1,132495.528646,132495.528646,unknown
PD 1138,5,1,73953.212861,73953.212861,unknown
PD 859,5,1,448245.475653,448245.475653,unknown
PD 878,5,1,258764.373239,258764.373239,unknown
PD 350,5,1,147924.692162,147924.692162,unknown
PD 229,5,1,93444.2524533,93444.2524533,unknown
PD 457,5,1,178503.831224,178503.831224,unknown
PD 32,5,1,360255.677962,360255.677962,unknown
PD 1064,5,1,55753.7937303,55753.7937303,unknown
PD 1197,5,1,175134.475194,175134.475194,unknown
PD 1370,5,1,88287.4569263,88287.4569263,unknown
PD 155,5,1,334782.185657,334782.185657,unknown
PD 628,5,1,46759.0685415,46759.0685415,unknown
PD 706,5,1,41829.6931772,41829.6931772,unknown
PD 201,5,1,251515.400079,251515.400079,unknown
PD 1016,5,1,331842.170827,331842.170827,unknown
PD 1334,5,1,33421.1450694,33421.1450694,unknown
B3-3,1,510,68246.85426784068,34805895.67659875,unknown
PD 1204,5,1,136112.256595,136112.256595,unknown
PD 982,5,1,180500.269609,180500.269609,unknown
PD 1284,5,1,71080.650198,71080.650198,unknown
PD 1448,5,1,157644.872007,157644.872007,unknown
PD 613,5,1,94890.7842286,94890.7842286,unknown
PD 590,5,1,70247.7692599,70247.7692599,unknown
PD 703,5,1,9266.37070104,9266.37070104,unknown
PD 1006,5,1,646995.069203,646995.069203,unknown
PD 1107,5,1,232448.301983,232448.301983,unknown
PD 1140,5,1,81644.2658315,81644.2658315,unknown
PD 1493,5,1,259572.388598,259572.388598,unknown
PD 1514,5,1,446007.670646,446007.670646,unknown
PD 1313,5,1,30087.8664113,30087.8664113,unknown
PD 194,5,1,211952.231942,211952.231942,unknown
PD 983,5,1,67305.1872935,67305.1872935,unknown
PD 914,5,1,627960.051637,627960.051637,unknown
PD 1518,5,1,62228.8955857,62228.8955857,unknown
PD 999,5,1,128059.276302,128059.276302,unknown
PD 635,5,1,218340.515851,218340.515851,unknown
PD 1488,5,1,52377.1500215,52377.1500215,unknown
PD 605,5,1,52648.4257463,52648.4257463,unknown
C3-5,2,12,211495.74640095,2537948.9568114,unknown
PD 1210,5,1,296815.555925,296815.555925,unknown
PD 425,5,1,658200.691185,658200.691185,unknown
DR-5,9,9,58879.615541581115,529916.53987423,unknown
PD 1519,5,1,39772.7182626,39772.7182626,unknown
PD 1049,5,1,438073.942936,438073.942936,unknown
PD 462,5,1,147748.3851,147748.3851,unknown
PD 616,5,1,42101.7750433,42101.7750433,unknown
PD 600,5,1,212511.953452,212511.953452,unknown
PD 352,5,1,41155.7998918,41155.7998918,unknown
PD 1585,5,1,537799.987128,537799.987128,unknown
PD 872,5,1,219980.349536,219980.349536,unknown
PD 748,5,1,74080.0638459,74080.0638459,unknown
PD 732,5,1,34847.3159675,34847.3159675,unknown
PD 604,5,1,141968.401375,141968.401375,unknown
PD 782,5,1,165180.383555,165180.383555,unknown
PD 927,5,1,72936.4356105,72936.4356105,unknown
PD 1489,5,1,284354.998873,284354.998873,unknown
PD 1017,5,1,205039.05453,205039.05453,unknown
PD 90,5,1,1110215.33739,1110215.33739,unknown
PD 559,5,1,147520.886193,147520.886193,unknown
PMD 7,6,1,15258949.5987,15258949.5987,unknown
PD 420,5,1,249418.157053,249418.157053,unknown
PD 1340,5,1,17478.8252146,17478.8252146,unknown
PMD 9,6,1,31578722.0733,31578722.0733,unknown
PD 257,5,1,94594.4017346,94594.4017346,unknown
PD 570,5,1,191795.405461,191795.405461,unknown
PD 131,5,1,646040.804458,646040.804458,unknown
PD 659,5,1,24636.7751599,24636.7751599,unknown
PD 1534,5,1,418433.850203,418433.850203,unknown
PD 411,5,1,300683.869168,300683.869168,unknown
B3-2,1,826,147436.66531283903,121782685.54840504,unknown
PD 523,5,1,1175901.10144,1175901.10144,unknown
PD 1346,5,1,80047.66944,80047.66944,unknown
PD 1177,5,1,133703.480404,133703.480404,unknown
PD 603,5,1,39109.5024904,39109.5024904,unknown
PD 617,5,1,817589.614689,817589.614689,unknown
PD 980,5,1,45349.3049133,45349.3049133,unknown
PD 443,5,1,161528.648084,161528.648084,unknown
PD 39,5,1,192349.935166,192349.935166,unknown
PD 1021,5,1,391591.812857,391591.812857,unknown
PD 1362,5,1,117706.205886,117706.205886,unknown
PD 584,5,1,103502.772623,103502.772623,unknown
PD 1467,5,1,82400.6925803,82400.6925803,unknown
PD 1444,5,1,51132.0032704,51132.0032704,unknown
PD 429,5,1,52455.2500232,52455.2500232,unknown
PD 923,5,1,344867.491012,344867.491012,unknown
PD 222,5,1,236495.237296,236495.237296,unknown
PD 301,5,2,93880.97061257943,187761.9412251589,unknown
PD 824,5,1,99320.8791693,99320.8791693,unknown
PD 945,5,1,202885.302369,202885.302369,unknown
PD 99,5,1,631913.127879,631913.127879,unknown
C2-5,2,26,44410.24180369192,1154666.28689599,unknown
PD 1167,5,1,7816753.23389,7816753.23389,unknown
PD 1250,5,1,58497.7807888,58497.7807888,unknown
PD 1243,5,1,680233.886617,680233.886617,unknown
PD 458,5,1,92952.2272744,92952.2272744,unknown
PD 1080,5,1,64949.0274359,64949.0274359,unknown
PD 1503,5,1,1018528.52123,1018528.52123,unknown
PD 1505,5,1,977493.924053,977493.924053,unknown
PD 973,5,1,57296.6183123,57296.6183123,unknown
PD 256,5,1,133304.677589,133304.677589,unknown
PD 324,5,1,35222.695783,35222.695783,unknown
PMD 10,6,1,5449450.27878,5449450.27878,unknown
PD 669,5,1,27185.7937228,27185.7937228,unknown
PD 821,5,1,89114.0628592,89114.0628592,unknown
PD 712,5,1,182535.498688,182535.498688,unknown
PD 660,5,1,115214.728138,115214.728138,unknown
PD 488,5,1,33930.5225669,33930.5225669,unknown
PD 27,5,1,599692.063361,599692.063361,unknown
PD 698,5,1,27123.3878233,27123.3878233,unknown
PD 991,5,1,601552.374225,601552.374225,unknown
B3-1,5,1,23374.7097698,23374.7097698,unknown
PD 129,5,1,306038.792238,306038.792238,unknown
